annotation.key_features.payment_method,annotation.key_features.fraud_channel,annotation.key_features.victim_action,annotation.key_features.request_type,annotation.key_features.impersonated_entity,annotation.key_features.currency,annotation.key_features.urgency_level,annotation.psychological_tactics.urgency,annotation.psychological_tactics.fear,annotation.psychological_tactics.authority,annotation.psychological_tactics.reward,annotation.key_features.amount_normalized,annotation.key_features.has_amount
unknown,website,none,payment,unknown,TON,0.02301172244062702,0.9471240628045596,-0.007896229502291912,0.1321941604603481,-0.0008136219759839591,-1586.4798318139904,0
unknown,unknown,installed_app,payment | verification | login | download | none | unknown,none,unknown,-0.01809478758678727,0.9005124482809642,-0.06286648009234021,1.1160164227828442,0.002966459436645778,-296.18519566440415,0
unknown,unknown,none,payment,unknown,unknown,0.01871691268193525,-0.04305874113366717,0.742533845989608,0.9113254322256785,-0.0060476379375973156,-221.9932949604264,0
bank,email,none,payment,cyber_police,unknown,-0.0054278743361511434,0.8999088925409947,0.8563889616130547,0.8619251877405445,-0.002374698553905861,-1259.0476663922818,0
unknown,email,sent_money | shared_credentials | clicked_link | installed_app | none | unknown,payment,unknown,unknown,0.02696634665722282,-0.12251728999087257,0.022195644160474794,-0.07483921335137951,0.0028489375784572306,2408.93958703911,0
upi | card | bank | crypto | gift_card | unknown | none,sms,installed_app,none,none,unknown,0.0067686633380419775,0.9534402993355309,0.07384715553266616,1.0564948475230782,0.002461396978901472,780.7926322391097,1
unknown,social_media,clicked_link,transaction,bank_|_government_|_company_|_individual_|_none_|_unknown,unknown,-0.00939322688916959,0.9497615222137566,-0.006316912021650805,0.8792460546069409,0.00010013562107832142,984.230124764902,1
unknown,phone,clicked_link,payment,twitter,unknown,-0.008914364972962817,0.9944347595615135,0.9452843151213812,0.8812704429907089,-0.01326119983928054,-2322.315984013816,0
unknown,phone,none,none,company,unknown,0.0028063675360363105,-0.004732653748190586,-0.015500302255312735,0.9829864537042291,-0.004898440421377378,735.0032957075853,0
unknown,sms,sent_money,none,unknown,unknown,-0.00935658000947171,0.7857355785378254,-0.06101009359612781,0.8352687071141831,0.010268824796613922,-2078.662902628166,1
upi,social_media,sent_money,payment | verification | login | download | none | unknown,none,unknown,-0.018694183844935947,0.9582072701386809,0.6567058219695668,0.019328989746448096,0.007217046795638261,-1629.2010189384755,0
unknown,sms,clicked_link,verification,bank,unknown,-0.0311752926496017,-0.0016617739728485392,1.0873257456193008,0.8038522922989704,-0.00716949665436348,-112.41169286199106,0
unknown,sms,sent_money,none,bank_|_government_|_company_|_individual_|_none_|_unknown,unknown,0.01184584965620327,-0.03560397363800089,-0.06845005393268501,0.012022519089434712,-0.008928002475224186,101.66664758645089,1
upi,email,abuse,login,unknown,USD,-0.006240070020057993,0.824525969536637,0.8105358874421799,-0.037408844094356755,-0.010702159778350236,-2752.6758151953873,0
upi | card | bank | crypto | gift_card | unknown | none,sms | email | phone | social_media | website | app | unknown | none,none,none,google,USD,0.029050952243067314,-0.057032475963146506,0.06894821618048441,0.05777974014400862,-0.0025184260335817084,590.58265255754,0
unknown,sms,sent_money,payment,none,unknown,0.0029915636025919187,1.0216007893446672,-0.0361039310528238,0.8484587216181189,-0.00899801047625454,1117.1675836676202,0
unknown,email,sent_money,none,cyber_police,unknown,0.015748050213680392,0.9568665376495418,-0.031015177696671215,1.0324556375343914,-0.0040426219236593675,338.2227593749123,0
unknown,website,none,verification,none,unknown,-0.011306517256393993,0.9655062673608046,0.8931536436488269,0.9864508087454851,0.012003728877631093,562.8062294556009,1
unknown,website,none,commerce,unknown,unknown,0.020496217359346994,0.9850653498930166,-0.08735522739182343,0.833928778799495,-0.01154896662673431,1857.5670886957344,0
upi,website,installed_app,none,none,unknown,0.00868304341551163,0.13474464895063795,0.03474316776658025,0.008094274849105418,0.004007131603646661,-1786.123125296328,0
unknown,telegram,none,payment,company,unknown,0.01150971323465897,-0.1264343057546185,0.9087480760355218,0.8743698100256998,0.009376311798378228,-824.5849923698796,1
unknown,sms | email | phone | social_media | website | app | unknown | none,none,payment,security_company,unknown,0.0018098275167545228,-0.054179534399071624,-0.028424082078631382,-0.08166791576428471,0.0021949944352697044,712.1837527379807,1
crypto,website,none,none,unknown,USD,-0.0080271960864342,1.089714507447835,-0.028591059766019614,-0.08920370793512512,-0.0020982939722728445,1244.4306754697525,0
upi,sms,none,payment,unknown,unknown,0.0014239503103003397,1.0343793189239512,0.055603630006183284,0.05562837198621606,0.014051585335888307,2388.830952498343,1
crypto,sms,none,payment,company,unknown,-0.012726902730312588,-0.07352926244416538,-0.07466476861885216,-0.16005543891313767,0.005258706959039476,-914.6746012831928,0
unknown,sms,none,none,bank_|_government_|_company_|_individual_|_none_|_unknown,unknown,0.016941416933721812,0.9241276386712123,0.670143652331707,1.0469695324566464,-0.009620895511150161,-2526.6299060161605,1
venmo,email,unknown,unknown,individual,INR,0.0034885315222645897,0.980008992284523,-0.022219583639356454,0.8327452497928628,-0.00795324701732356,-717.5201038487079,0
unknown,unknown,sent_money,payment,none,unknown,-0.008595265703361955,1.0658590750075252,0.12753600545474286,0.9022838538824629,0.012319182025412215,-1037.9414796971057,0
upi,unknown,none,payment,bank_|_government_|_company_|_individual_|_none_|_unknown,unknown,0.019539714710340536,0.927924709214572,0.03774898720541506,-0.04375462991646664,-0.01396319693297172,636.3029384405099,0
unknown,email,sent_money,none,company,unknown,0.008386170695251834,1.049995797961574,-0.0396115377694248,0.8271574939699755,-0.008468666789552038,-2154.640458919915,0
bank,mail,none,none,company,USD,-0.003127410993329423,0.9123532546945705,-0.033857552209122954,-0.004019139272984207,-0.005326527438998228,-588.1448441501271,0
upi,email,none,none,unknown,unknown,-0.014790701424130887,0.044216706145279575,-0.06886174292719728,0.9858161606149694,-0.0023940701281316332,970.0157078688311,1
unknown,website,sent_money,none,bank_|_government_|_company_|_individual_|_none_|_unknown,unknown,0.01156699634410566,0.06403926098797569,0.06679058776225422,-0.02970577523061433,-0.002347934566219462,70.58828394413109,0
upi,phone,unknown,none,none,unknown,0.025893518071618358,-0.002006322420030945,0.969012108260115,1.0878614165589564,-0.0074552705111802535,-1513.8044281098294,0
unknown,website,sent_money,unknown,none,unknown,0.013049090769197885,1.0025453752438307,-0.07378806868911532,0.8736537848943784,-0.010357928452330004,135.41637588276723,0
unknown,sms | email | phone | social_media | website | app | unknown | none,sent_money,payment,bank,unknown,-0.010301869514771236,1.2019171055991202,0.052270223176716805,-0.12633078162551578,-0.010082935579161095,-2723.5839400797367,1
upi,social_media,installed_app,none,company,unknown,-0.0035416728129671047,-0.15046987957108252,0.05797370914182388,0.7502425293978208,-0.005526791127837624,2767.830801424435,0
unknown,sms,none,credential,company,unknown,0.017012886502997045,-0.04656166774085023,-0.05664095678866272,0.1544183473119223,-0.00801671490299523,2006.3907850636433,1
upi,sms,none,payment,ice_agent,unknown,0.00020109877821103986,0.9561491328380025,0.8228487196575551,-0.0845589854475015,1.9905701671586136e-06,1545.5691811079673,0
unknown,social_media,sent_money,verification,unknown,unknown,0.014082380065543987,0.9730015422554457,1.1402197765312256,-0.05407395874358817,0.004724532973997505,-209.20352833112747,0
unknown,sms,none,credential,none,unknown,0.008414483567070578,0.9948894565740324,1.2550359048439186,0.04487453161358555,-0.006498703851793329,2952.6841374622445,0
crypto,email,none,verification,company,unknown,-0.01181005061708605,1.118656357562561,1.33380979731763,-0.0201075450690667,0.0046982341609566386,1328.786204789018,0
bank,email,clicked_link,verification,individual,unknown,0.02268127728999237,-0.0880014650784838,-0.05668809747075111,1.2119481257889002,-0.01072640942137571,1396.1230272324524,0
unknown,sms,sent_money,none,none,unknown,0.015620045920648945,-0.00295446223036481,0.05291585563997955,0.8536789760573822,0.0037058485317821733,59.43679176338388,1
bank,website,none,none | unknown,bank,unknown,-0.02822852905002112,1.019917193679619,0.030125570117680037,0.020521543802454266,0.00027342409946376836,812.6060787288586,1
unknown,sms,clicked_link,transaction,boost_mobile,unknown,-0.00823450334727301,0.03772766137010003,1.0794713381642318,0.05306997241912772,-0.00481689180806925,1274.0758605085887,0
unknown,phone,none,verification,bank,unknown,-0.0062508969613520185,-0.03564178998357704,0.8200920682865249,0.0536581320255076,0.008656297670997567,-1569.4909811848904,1
crypto,none,reported,download,company,unknown,0.013563397344170714,0.02776995964932012,0.051224873614984796,-0.0778241957872065,-0.001870771101413393,243.5207803970643,0
unknown,website,clicked_link,none,unknown,unknown,-0.022647280950190377,0.12688276836361773,-0.0011906163727234535,-0.05109094315449339,-0.009985246815273125,1807.4138933481695,0
gift_card,email,none,payment | verification | login | download | none | unknown,bank,unknown,-0.012795678363935118,0.9241647414059277,0.0900953493126617,0.8777316821473247,0.005395793039539318,56.338875219927694,0
crypto,email,sent_money,payment,individual,unknown,0.01538058651883266,-0.055840362331213644,-0.007288113308275869,-0.023987313223611542,-0.010630900869967812,49.567613666653386,0
unknown,phone,sent_money,none,company,unknown,-0.0014280941451233747,-0.024879408456168903,-0.08543744039328063,0.0671955369134381,-0.0018194217722760687,-588.7696281185173,0
unknown,phone,installed_app,none,company,unknown,0.030223063292501257,1.0746120250774287,1.0290213998753601,0.7484185963142113,-0.012934422743057665,294.1889152208522,0
unknown,email,sent_money,verification,bank,unknown,0.02032479784711294,0.07777336694250414,-0.05365775260056391,0.8577771804529526,-0.008146898543552775,-872.2563710519446,0
unknown,email,installed_app,payment,unknown,unknown,0.028697269211077448,1.1516020510631275,1.068930378722693,0.8018111993068558,-0.006630408315855294,-3396.944409644799,0
unknown,phone,clicked_link,payment | verification | login | download | none | unknown,unknown,unknown,0.0203911033022909,0.0763436875844804,0.047333951597971345,-0.11479077366988806,-0.011569606598043495,943.4548282147027,1
unknown,email,clicked_link,none,none,unknown,0.018679298715998834,-0.11060226721632646,0.03234008543168299,-0.09945486295717028,-0.00742577447083384,-753.5837356956227,0
unknown,social_media,clicked_link,credential,none,INR,-0.0031988979448736477,-0.06747838494577275,-0.040657818812491094,0.974647686509184,-0.0075591495958000745,-503.90337603320023,0
unknown,email,none,none,law_enforcement,USD,0.018755014615568492,-0.0570990280392494,-0.012019405873286046,0.9724601400449042,-0.01292406986626652,1821.1490593226868,0
upi,website,clicked_link,none,individual,unknown,0.016302300610717243,0.08900476292722982,0.07410984185401759,0.9298047979907578,-0.00847058857167348,-595.9581334461799,0
card,website,shared_credentials,payment,none,USD,-0.004792894993166973,0.15588521780687123,-0.08213328293621903,1.1897499099929574,0.003284272653994948,-3235.0586699559467,0
unknown,phone,none,payment,none,unknown,0.002822064357019741,-0.13752815388190145,0.10805207731661935,0.023849169883165086,0.01605543449760093,1174.0172378869806,0
upi | card | bank | crypto | gift_card | unknown | none,unknown,clicked_link,none,none,TON,0.021543071146332932,0.9643207337421852,-0.015894988496068678,-0.0164299135977357,-0.005370593208674469,-1869.350838126522,0
unknown,email,clicked_link,credits,bank_|_government_|_company_|_individual_|_none_|_unknown,unknown,0.021222363858829568,0.8703766506342479,0.024275165507927313,1.0245192411186423,0.001875087148893339,357.43418785184605,0
upi,sms | email | phone | social_media | website | app | unknown | none,sent_money,none,bank_|_government_|_company_|_individual_|_none_|_unknown,CROWNS,-0.023150335192340728,-0.017034824853780196,0.9365650807531534,1.13709476506622,0.005694562027783646,-2227.6644439982483,0
unknown,social_media,sent_money,commerce,bank,unknown,0.018595576859372128,-0.05068452227932144,0.9348464197848698,-0.11687303474547212,-0.011180013695983147,-705.4559829563825,0
crypto,website,reported,none,bank,unknown,-0.015465473521459465,0.13173580509444605,0.050077760790616696,0.005576213051914172,-0.002325363937402779,1377.5906991208296,0
upi,sms,clicked_link,none,none,unknown,-0.02216764915748783,1.0763622404652229,-0.07959226195184357,1.1037884243147835,-0.004769858004880266,772.426162267693,0
unknown,email,sent_money,payment,company,unknown,0.0053897146650733,-0.10765551793067368,0.8074969821460432,0.04079360602034014,-0.005545493654579389,-303.4747404764045,0
unknown,email,sent_money,phishing,unknown,unknown,-0.020778953772232742,1.1416215238234573,0.10225680395348859,-0.08062491867222842,0.006063966036978961,1142.001518556824,0
crypto,email,shared_credentials,none,bank,unknown,0.013738115062935926,0.9438255355982159,-0.005950678886997842,0.7645577139974579,-0.011342056317903583,1416.5003679937995,0
upi,sms | email | phone | social_media | website | app | unknown | none,sent_money,none,bank_|_government_|_company_|_individual_|_none_|_unknown,unknown,0.020061191629293717,-0.1752897121605587,0.09802162017145151,0.6723440300805794,0.0006115836662051895,1245.3770280176534,0
unknown,sms | email | phone | social_media | website | app | unknown | none,clicked_link,payment,unknown,unknown,0.008558894825784143,-0.01720286970846043,-0.049259207596687636,0.0845193112022014,0.006766229392251758,-50.34227651966562,0
upi,website,clicked_link,replacement,unknown,unknown,-0.01620965839157949,-0.02854894295900177,1.028145112544044,0.018267279751416926,0.0027493774133157123,-289.4903523903754,0
card,sms,clicked_link,commerce,bank,unknown,-0.017645676530106867,0.8198893807871148,-0.0010672616303109383,1.0214205791576718,0.0016477951685916726,2515.4343634203215,0
upi,none,sent_money,none,unknown,unknown,-0.000664263281514963,0.9911514265445347,0.013512676713200538,-0.008174968713789458,0.005932782088204983,-2641.7576613764054,0
unknown,sms,sent_money,none,unknown,unknown,0.004815361515925105,-0.010156232215730842,1.3440056558265407,0.8901909826152954,-0.0008882810056075304,2793.4249719988,1
unknown,phone,received_money,payment,google,unknown,-0.01581585076192807,0.998802469945289,1.0385772343788724,-0.07537612350664645,-0.01159314516602159,2122.7792236733044,0
unknown,email,received_credit,none | unknown,bank_|_government_|_company_|_individual_|_none_|_unknown,unknown,0.019356599143362796,-0.11828744841870771,0.05855584634288925,0.7819579545580708,-0.00870512012606711,1213.9650252610074,1
unknown,unknown,sent_money,payment,none,unknown,-0.00642183482671433,0.9844700714839543,1.081664652317064,0.044732559267523,0.008432433808559231,456.8964610257603,0
upi,sms | email | phone | social_media | website | app | unknown | none,shared_credentials,verification,unknown,unknown,0.002253424127607126,0.989413991373005,0.9754163476848673,0.7562511705869748,-0.002237690263554373,-1078.4805758537939,1
upi,discord,sent_money,unknown,none,CROWNS,-0.016663412726369876,0.023236002000002337,-0.01774832943464661,0.8159119580641807,-0.0018543644282111665,355.01208367980826,0
upi,sms,sent_money,none,unknown,unknown,-0.0006030304464911216,0.8615377880265798,-0.03167764335833222,0.013314221304172194,0.0028695436144667986,-2242.025944915012,1
card,unknown,clicked_link,payment,health_department,unknown,-0.004107207146951877,0.969706527169602,0.03914675435952161,-0.06463461074986585,-0.008982644572587519,2535.6905989730667,0
card,phone,sent_money,payment,bank_|_government_|_company_|_individual_|_none_|_unknown,unknown,0.023229191691960548,0.09263907209584753,0.014157340135397775,0.8694171509748272,7.546069369941444e-05,569.2808344420549,1
unknown,social_media,installed_app,none,bank,USD,-0.015154054054341084,1.2205665174861555,0.022382760302608766,-0.0495480493996406,0.004043638154812615,-1860.098245091952,0
unknown,phone,changed_password,none,bank,unknown,0.0051359667221032934,0.9675200478803518,1.0181072581864692,0.01593509541755161,0.0014176983052561977,191.00925659930738,0
unknown,social_media,clicked_link,none,unknown,unknown,0.014352046690458028,0.8970437133089019,0.11106377538995789,-0.08066981069523525,0.006201979856362207,212.65318561990847,0
upi | card | bank | crypto | gift_card | unknown | none,sms,none,payment,company,unknown,-0.02016235349235829,0.9296713734583049,-0.07314691763835487,0.8904182424859715,-0.013026201543996781,-1346.6228881891157,0
card,website,none,transaction,unknown,unknown,0.013206893960026373,0.8889660789719023,1.0303574477354143,0.7663738201464763,-0.004235444906496372,-734.2715908539046,0
unknown,sms | email | phone | social_media | website | app | unknown | none,sent_money | shared_credentials | clicked_link | installed_app | none | unknown,payment,company,unknown,0.0028409607796629505,1.030924918606671,0.047089225266954804,1.1392489840677469,0.008077218409174958,-1591.1273249739763,1
unknown,sms | email | phone | social_media | website | app | unknown | none,none,payment,none,unknown,0.024287962762568272,0.9907385109274867,1.1408787661606288,0.8589739938047333,-0.012541849799609327,-298.9479970935119,1
crypto,phone,clicked_link,verification,none,unknown,0.01874869505464505,-0.037132242530846626,-0.03933469894134913,0.7564015978367192,-0.009227112382709292,100.15321618339689,0
upi,website,clicked_link,none,none,unknown,0.0018143563879304053,1.0176082107601345,0.9190486818659075,-0.05129610811305838,-0.0019721220062116755,-196.11555466602624,0
upi,youtube,none,none,bank,unknown,0.00881529719925005,-0.12959615383429465,1.1039372494224406,-0.09665564445916734,-0.0008883444385137394,-1352.3786814171497,0
bank,website,unknown,payment,none,unknown,0.029995887782161886,1.1477010477686718,1.1504238502446906,0.9918989581562172,-0.0011055859577520093,-2598.940184625017,0
unknown,email,unknown,none,unknown,unknown,0.029901947679697175,0.9552003703404814,1.1669470509890971,-0.13486884657462858,0.007859166358357352,678.4017973052105,0
unknown,social_media,clicked_link,none,bank_|_government_|_company_|_individual_|_none_|_unknown,INR,0.01171287340215724,0.9456181522531342,0.8128916008115166,0.03053475355138125,-0.0032296034089418484,2247.6406324591717,0
bank,sms | email | phone | social_media | website | app | unknown | none,none,payment,company,INR,-0.002714390583739115,0.9131627767900913,0.060484901260798474,0.9219167972270781,-0.005121358794160202,1830.0291601361355,1
unknown,sms | email | phone | social_media | website | app | unknown | none,sent_money,none,bank,USD,0.0021900709718073604,-0.1377268785881496,0.0207490257468065,-0.0027342583390170027,-0.0012693411376197045,2472.8552196514966,0
upi,sms,sent_money,transaction,individual,unknown,-0.005591878256391413,0.7774767881582394,0.002569915830077819,-0.10520916559194911,0.009647946643129554,-408.83426861881685,0
upi,sms | email | phone | social_media | website | app | unknown | none,none,payment,unknown,USD,-0.004411430986789554,0.030165297901319037,-0.08930197187000276,0.8985726431541969,0.0040565539298472175,1180.8859841046312,0
card,phone,shared_credentials,unknown,unknown,unknown,-0.015082336708722385,1.1410398472934182,-0.03653949945131148,0.8728652802043776,-0.004485093331665978,824.3287915010966,1
unknown,unknown,sent_money | shared_credentials | clicked_link | installed_app | none | unknown,debt_collection,unknown,unknown,0.016761067359802782,0.9902411466982095,1.1109027731301044,0.021754327674659416,0.004730561449454255,-1293.3672281379438,0
upi,phone,none,payment,unknown,USD,0.003544005295529707,-0.07884210536423875,1.021851070979623,1.0586055734284832,0.005076066654413993,345.94783703289585,1
unknown,website,reported,verification,bank_|_government_|_company_|_individual_|_none_|_unknown,INR,0.023558069277973256,1.0692409175168438,0.005966808129383173,0.9706558694539978,-0.005070153037444338,2128.304180292413,1
unknown,sms | email | phone | social_media | website | app | unknown | none,none,none,bank,USD,-0.033852078639673884,1.173817730809299,-0.031825238078139854,-0.1294600514918734,-0.0011019470494698972,1248.2893691760592,0
unknown,website,none,verification,none,unknown,0.02474368919478626,-0.06576837264883433,0.06792999976858675,-0.06734954457218,-0.00018800377900506728,3463.2802406489395,0
unknown,sms,sent_money,none,unknown,unknown,-0.0010264156660511746,-0.1168257454022917,-0.09824020920141499,-0.07929623848526952,-0.008009343633836673,-1434.4109811477076,0
upi,email,sent_money,payment,none,unknown,0.005941147870368224,1.0424686733371382,-0.0371993402243277,-0.11685538327111619,-0.010715442576702245,-1384.408488759833,0
upi,sms,utilize,none,unknown,unknown,0.0015836753479969753,-0.01369650854493935,0.014657314887848738,-0.060342093122402164,-0.0007022781696112479,-1959.3210220529108,0
unknown,sms | email | phone | social_media | website | app | unknown | none,none,payment,bank,unknown,0.018578739445501487,0.006653802277455725,0.09553015227704405,0.056234951975872687,0.005114065314600073,-371.5470476472125,0
upi,phone,changed_password,none,unknown,unknown,-0.004909475659016044,0.060987743071166015,1.2020640303664119,0.028153573561029564,0.004222257126433367,1604.2718613419759,0
unknown,email,none,transaction,company,INR,0.0027863207232270014,-2.3021172870315958e-05,-0.07553619730859586,-0.09325916202741784,-0.01080776643076138,-2715.5080192107075,1
upi,email,clicked_link,none,unknown,USD,0.026751587775687223,0.09803767024679769,0.12548684095519866,-0.16273337038658894,-0.006645667192808134,1985.698725857317,1
unknown,phone,clicked_link,payment,none,unknown,0.00866131178677499,-0.16625160211777865,1.2894202071162415,1.1224497770309347,0.005097208868157525,845.6860246199841,0
unknown,none,sent_money,mining,bank,INR,0.0035775660323781465,-0.09711502840816745,1.2064778810615353,-0.06710557200032934,0.002366486471889149,1258.848786932266,0
unknown,sms,shared_credentials,unknown,company,unknown,-0.007494815112120916,1.220319923267535,0.013437638809031238,0.988924071492997,-0.012510956147000186,-1147.3121493511032,1
unknown,email,sent_money,payment,none,USD,0.0018588780675647455,0.923801484083386,-0.028044952005412165,-0.03864750064773966,-0.012858507911567655,842.0540962162302,0
unknown,email,clicked_link,payment,none,unknown,0.017519211140048164,-0.06374499633073086,-0.023160922793390146,-0.05145597430694102,-0.0002274851017985426,-599.081342425113,0
upi,none,sent_money,unknown,law_enforcement,unknown,0.028734122149673212,-0.06959129778430248,0.04159816426401386,0.7818990917212143,0.0006695074375619642,-1820.6786935637692,0
unknown,none,sent_money,credential,cyber_police,unknown,0.008417627545469578,1.0025564308354915,-0.06498559583531116,0.9824213007785229,-0.0012779035357948524,-2649.598092714941,1
crypto,sms,none,none,none,unknown,-0.022792177016188228,-0.02623871304755984,1.0928458989830343,0.05328384610699141,0.007972297771897632,424.4817536711064,0
card,sms,utilize,none,company,unknown,0.027867511746744816,-0.14929592716924844,0.07856110355036587,-0.038630573507874355,0.004248849871377079,28.710049090972237,1
bank,none,shared_credentials,transaction,unknown,unknown,0.008224322808449237,-0.048359995229291096,-0.03962814560943573,0.008854017456229126,-0.00010826173910768381,-143.80154577325368,0
crypto,unknown,none,login,bank,USD,0.004185508362087678,-0.0808413104099121,-0.08753075796657837,1.0662284341024315,-0.003598172348725795,282.8837536914525,0
upi | card | bank | crypto | gift_card | unknown | none,social_media,sent_money,payment,company,unknown,0.011761863589087868,0.9050071733779891,0.9555926824498302,0.7615551303390504,-0.011456567592934484,1349.9051695492528,0
unknown,email,none,payment,unknown,unknown,-0.016540389243508136,0.13403408392285945,0.9204037680815411,0.8736410795279531,-0.00475830695097184,29.665927607205713,1
unknown,app,unknown,verification,bank,unknown,0.0013998473450214511,0.8174945828887685,-0.010563911558562544,1.0079891157836565,5.8209639272234376e-05,-421.549055355757,0
crypto,email,none,none,none,unknown,-0.018497043631251927,0.006656998131265734,-0.09066796993030707,-0.01838420427014118,-0.00809295499128004,-1805.4208590059661,1
unknown,youtube,sent_money | shared_credentials | clicked_link | installed_app | none | unknown,none,none,unknown,0.009842021054576766,-0.09087236776791854,0.000655712029893545,0.7656084960490589,-0.003941789184782175,44.96560008867825,0
unknown,email,sent_money,credential,unknown,unknown,0.026336430927217016,0.9030219234175663,-0.06239872193106061,-0.007433065629399046,0.011728635764807926,-2912.687461474712,0
unknown,email,sent_money,verification,bank,unknown,0.010726789291736784,1.1944294554747255,0.11818800218705688,-0.10155400659818946,-0.010536786276251913,923.9364038501152,0
upi,sms | email | phone | social_media | website | app | unknown | none,clicked_link,payment,individual,unknown,0.02089207167216206,0.042609371729984385,-0.08908433147087273,0.8291789874601275,-0.009623358691820892,1957.2240090885969,0
unknown,unknown,none,trade,none,USD,0.01636596016851317,1.09998230880061,-0.012264907007900925,-0.022547745783845073,-0.008331248665197471,-1293.76130474523,1
unknown,app,sent_money | shared_credentials | clicked_link | installed_app | none | unknown,none,none,unknown,0.010853472532324744,0.9681456389244961,-0.06960158807398545,1.100563813037865,-0.0062278014874322185,3191.792089962415,0
unknown,social_media,sent_money,investment,none,unknown,-0.02752950141849808,-0.0259925117669596,0.02650094659502634,1.042090473395501,-0.00043781065591981256,-55.856844845133665,0
unknown,sms | email | phone | social_media | website | app | unknown | none,sent_money,commerce,bank,unknown,0.03224073639731902,0.908590767698259,-0.03805692547027836,0.06883257186485582,-0.0008111137005208496,1513.5846105027554,0
upi,sms,unknown,none,none,USD,-0.013439951216046853,0.06546281300089012,1.0548643553580028,0.9302909471253207,0.0084987136253654,-675.0315628026469,0
unknown,sms,sent_money,mining,company,unknown,-0.003352147297267155,0.9028752468591984,1.0296658050922938,1.0038790785104312,-0.0038669665478583306,1230.8323829380415,1
unknown,website,shared_credentials,payment,crypto_project,unknown,0.002817561085185467,-0.0713124469449869,0.9178049996425554,0.02219265172690074,-0.011933306344413794,2927.8240945131283,1
upi | card | bank | crypto | gift_card | unknown | none,phone,sent_money,verification,none,unknown,0.02613552729427533,0.9632007358585029,-0.06162240306585093,-0.03068689186995697,-0.0040148550173488735,2731.425826081343,1
unknown,phone,sent_money,transaction,unknown,unknown,0.014288861194543733,0.8918316831272161,0.07713038256122083,-0.023747480501964936,-0.0007097879208963229,-2047.3810524276162,1
card,website,clicked_link,none,bank,unknown,0.031251613234196035,-0.05270915097708408,0.0200842828922983,0.7836162139522255,-0.00353320948258557,-574.5269059495713,0
unknown,website,clicked_link,payment,bank,USD,-0.0026361292879063317,1.0790349208062995,0.038346298537893876,0.11445077362936738,0.008635959462814214,-557.1874706050684,0
unknown,phone,clicked_link,payment,unknown,TON,-0.009458031780471549,0.9654315459131768,0.03830261764361856,0.03944471968699497,0.0017413994276094698,715.9289022332345,1
unknown,email,sent_money | shared_credentials | clicked_link | installed_app | none | unknown,none,unknown,unknown,0.02069133111650765,1.0409287862718377,1.1037410127065708,0.0488128441033344,-0.011638127710869048,-2242.182851770127,0
upi,email,none,none,bank,unknown,-0.023687102187182892,-0.12858907498440172,-0.0041521944724363605,0.7475267332002946,-0.011452350218314268,2239.135867318914,0
bank,sms,none,none,unknown,unknown,-0.021797648283449586,1.1566644128800936,-0.007772166490662079,0.8564532062186365,0.010028691307375664,-459.05457589761596,0
unknown,none,clicked_link,payment,company,unknown,0.0030436993481278195,0.048094221923576964,-0.0492434539722782,0.87982957938528,-0.009088384877871003,385.6853382015916,0
unknown,sms,shared_credentials,payment,bank,unknown,-0.0012443709888340054,0.9999464163716284,0.01630890212046813,0.7132929221434662,-0.009263790698699466,714.1348778490311,0
bank,email,none,none,company,unknown,-0.019084262187785177,-0.13699528186229318,0.9622181877765874,-0.0961979653535662,0.0035772721192226875,336.30300917249394,0
bank,mail,sent_money,none,individual,USD,0.017849419891824505,-0.020272833487109614,0.044321442234438416,-0.10811218679426104,7.713231311274777e-05,903.1498644863842,0
card,website,none,verification,unknown,unknown,0.0005585813174193179,-0.033867947725001506,-0.0411683564344967,0.970756815466567,-0.009753813292693852,2467.072155133158,0
card,unknown,received_credit,none | unknown,none,unknown,0.01896212024208698,0.9531259602148192,0.8341784287849175,-0.08636358125381371,-0.0045639965578485025,518.4878300668684,0
unknown,phone,none,payment,bank,unknown,0.02836316303855156,-0.04301846487983487,0.05999705400899131,0.8473513390354129,-9.418185277580222e-05,480.3502553666685,1
unknown,website,none,none,bank_|_government_|_company_|_individual_|_none_|_unknown,unknown,-0.02425927338751055,0.9272753788374177,-0.06575337254450592,0.029736199848594505,0.003159658318186244,123.66570519117418,0
crypto,website,none,payment,unknown,INR,0.007278752026433276,1.0854034012136977,0.0654788602941593,0.7335130249661825,0.0004963198106450694,963.7446035770876,0
unknown,website,installed_app,none,unknown,unknown,0.004474672520110841,0.9106442568592137,-0.05993971422950986,-0.1450921035751775,-0.002113317259934106,-1252.1802126528446,1
upi,email,abuse,none,company,unknown,-0.0004981113868890072,0.03158527907966806,0.8286708891543151,0.8610200617251358,0.003214285797266665,-580.8988235419653,0
bank,email,clicked_link,transaction,none,unknown,-0.016953845790029547,1.0977857679365197,-0.09038580405920903,0.7814922841153835,-0.006791854198583985,1244.1465887584325,0
unknown,website,none,none,none,unknown,0.015011909225567943,-0.012419685056886513,1.05257881756821,0.9792136963314835,-0.004280521164978931,791.0447633000646,0
unknown,phone,sent_money,payment,unknown,unknown,0.016839239532001817,0.8557258703196691,0.09299551000816515,0.8032352296419998,0.0017517495634725695,423.8706053478684,0
unknown,email,none,none,mechanic_shop,unknown,0.017367168749205297,-0.09766351549757572,-0.005591454398190794,0.002922847138945738,-0.0018964383263202157,1949.704758586108,0
unknown,phone,sent_money,commerce,bank,unknown,0.000362291946049941,1.0267375712606504,1.0695089272302678,-0.10502853885720467,-0.00648656650032381,991.7348995114,0
unknown,sms,sent_money,credential,twitter,unknown,0.00302973032468232,-0.09459819380386156,1.0253999735422963,-0.03816582099738216,-0.009025051167153207,2841.4568228546013,0
unknown,email,unknown,verification,company,unknown,0.013978332963762826,0.09426430208495017,-0.019526746221384082,0.8976983960040245,-0.007422524513293504,-2776.0244341216744,0
unknown,phone,changed_password,none,bank,unknown,0.015752560754463518,-0.013538546554044018,0.7897951004257862,1.0423131496846185,-0.008927963841190776,-2138.666979175315,0
upi,email,none,payment | verification | login | download | none | unknown,government,unknown,-0.020890839961288613,-0.16660816116189903,-0.080614358820544,-0.030092828937478562,-0.0029327431507806486,2372.106025920433,0
upi | card | bank | crypto | gift_card | unknown | none,sms,none,payment,none,USD,0.015136318233289073,0.12789216566841688,1.225166861862566,0.9879257396198133,0.002140647183451898,-1155.3110385186098,0
upi,website,shared_credentials,verification,none,unknown,0.006855625249609028,-0.09906140580276318,0.013943154158404948,-0.01816728698446595,-0.005943719174781018,740.1377300344949,1
unknown,unknown,none,payment,bank_|_government_|_company_|_individual_|_none_|_unknown,unknown,0.018091861458917526,0.8470253245563881,1.1312790710540495,0.9960893416269831,0.0001540196642138662,-2046.9715953295897,0
unknown,sms,sent_money,none,none,unknown,-0.007035820813332194,0.821948732154139,-0.0035793672556055944,0.00959722573565359,-0.003990791496389767,1139.2758758763534,0
upi,website,none,transaction,company,unknown,0.010837877792666492,-0.05511394072791575,0.009108197808358871,0.8881235675349326,-0.007099026089095257,1430.1499719105852,0
unknown,sms,received_credit,unknown,none,unknown,-0.02441707657833904,-0.005673963690527811,-0.015314476021662424,0.9879502245898096,-0.01294120144967674,3483.496926368353,0
unknown,email,sent_money,investment,bank,unknown,0.02878046138256174,0.08945825546695345,0.06316610374717363,1.0356453144145543,-0.007007165321355525,-1736.392182581103,1
unknown,unknown,clicked_link,none,unknown,unknown,0.01776678268878298,-0.11001343487145175,0.02241021753926679,-0.03072909828354476,0.009873874293866195,-816.0993559071812,0
unknown,email,sent_money | shared_credentials | clicked_link | installed_app | none | unknown,verification,cowboy1113,unknown,-0.010230746958793361,1.0117073811211927,-0.0757203043796914,-0.09775415900402744,-0.00590643002339772,-2780.8849276912397,0
crypto,website,unknown,commerce,instagram,unknown,-0.011842521959730493,0.12697731440268065,-0.04276019364668907,0.061131776297053186,0.002490327865988862,88.1128041882998,0
upi,website,none,transaction,unknown,unknown,0.029676182977517552,1.0876866957900921,0.9492763954137177,1.034356379114819,-0.009559549886908447,-341.51928905719006,0
upi,email,received_money,none,individual,unknown,-0.00039404145112721396,1.0520688422625972,0.06688328947144935,0.8450435191229922,-0.003213980902201564,-657.5016807933896,0
unknown,sms,shared_credentials,none,bank,unknown,0.020917950394239236,-0.11914502832812937,-0.02754126957092206,0.07776627388454664,-0.006457739246420639,-3.5625422061220675,0
upi | card | bank | crypto | gift_card | unknown | none,social_media,installed_app,verification,bank,USD,-0.0011234146528071333,0.9626813864594871,0.016985055621321393,-0.07662634712466411,-0.009849333329895467,3111.2391607949917,1
unknown,sms | email | phone | social_media | website | app | unknown | none,none,credential,unknown,unknown,-0.013521673163615569,1.1303578672068009,0.024566534586309773,0.12494767305686333,0.0006013633981233202,-1332.1303299815065,0
upi,phone,sent_money,mining,unknown,unknown,0.004194604661472483,0.061384926827370956,1.3831797132802852,0.9125566680069178,0.009840810870407633,-957.1707033268026,0
upi,website,clicked_link,none,google,unknown,0.030446661215840557,0.020658973820177156,0.08902706470591072,0.8854217311577322,0.003941438345442351,35.30322683652852,0
unknown,sms,sent_money,none | unknown,security_company,unknown,0.015977815998141014,0.8588084107871581,-0.05528815399850407,0.10064649605607522,-0.008987469650111664,-436.69780475234353,0
card,sms | email | phone | social_media | website | app | unknown | none,clicked_link,payment | verification | login | download | none | unknown,bank,INR,0.009970166302007687,-0.031590897249323256,0.9309283940894046,0.0006034628054190352,-0.0015111187921244534,-1582.2619584121612,0
unknown,website,sent_credentials,none | unknown,unknown,unknown,0.0019296137890472069,0.11142375955950908,-0.0837555456769711,1.110643403735287,0.003782196168862697,402.7007492579783,1
unknown,sms,none,none,bank,unknown,0.0036415615420275272,0.032927159033404374,0.05920420886204421,0.030732577658474036,0.002338509949843323,-2099.132526333955,1
unknown,phone,sent_money,none,company,unknown,0.009740464357880459,0.987725006120572,0.06960829733578044,-0.044303516663945726,-0.003564798547796113,797.2768347497613,0
upi,email,unknown,none,bank,unknown,0.03293371626339742,1.0705374883426575,0.07910832522528784,-0.10106602802366549,0.0019162433581884882,-1526.0549243605367,0
unknown,sms,none,payment,unknown,unknown,-0.011724472966213371,0.9803660481128113,0.005034638647159598,0.09557699039233195,-0.003628015573291376,2046.480874288973,0
unknown,email,sent_money | shared_credentials | clicked_link | installed_app | none | unknown,none,none,unknown,-0.004337146122019921,-0.028411260548372525,1.0402160430047436,0.9502716878137724,0.006899695359404661,-180.08389724584254,0
bank,email,sent_money,trade,unknown,INR,-0.006435394892776606,1.074141843197439,0.02898457631009549,-0.06099957711133775,0.0002147288547523131,-2720.2927735569633,0
unknown,sms,sent_money | shared_credentials | clicked_link | installed_app | none | unknown,payment,none,INR,0.01988351829271714,-0.058219352371050116,0.005377343829607884,0.9565149520891236,-0.013831187573294726,-1073.8996453218015,0
card,app,shared_credentials,commerce,linkedin,unknown,0.025101968730780456,0.014461297070247979,0.0048635527300271274,0.04377270741728371,-0.008889155432547657,1119.2126719447895,0
unknown,email,none,credential,linkedin,unknown,-0.015544519231685726,0.9923832570114658,1.2821484626978408,0.6718884381564065,-0.012372144064953619,-182.786016822828,0
upi,social_media,none | unknown,verification,unknown,unknown,-0.0003294179280001379,0.9526953482257975,0.03857283737391784,1.0473527252358512,-0.006131073353564203,1822.5025425078297,0
crypto,website,clicked_link,transaction,none,USD,0.2855790746714443,0.020539271510357147,1.27717531311863,0.016452787028651203,0.0022994715642851013,1480.8845239585678,1
crypto,social_media,sent_money,none,doctor,unknown,-0.003832394738333319,-0.04488379640508207,0.6675521085624938,-0.08058291284357648,0.00295039289956203,-2303.6846520710415,0
unknown,sms | email | phone | social_media | website | app | unknown | none,none,none,none,unknown,0.03128806922497624,0.025606049428057644,1.0137248483121482,0.0009255078399882512,-0.004617446743072946,1066.1707877901251,0
unknown,sms,sent_money,payment,health_department,unknown,-0.012016472330329965,0.9950983895670936,1.1551875328882182,-0.08730411287446678,0.0004295656175063562,3140.760655668799,0
bank,sms | email | phone | social_media | website | app | unknown | none,none,payment,bank,INR,-0.019911632908564403,0.09756648568808725,1.0040269344087924,0.871863207418321,0.0015204803660556765,2102.394128042676,0
card,email,none,unknown,company,USD,-0.003225096500700302,0.06747898554839209,1.1905006242987028,0.07033178267812072,-0.008363964382355331,883.9727189940627,0
upi | card | bank | crypto | gift_card | unknown | none,sms,unknown,credential,doctor,unknown,0.010252597833187875,0.9824199090815844,-0.02912254927923569,-0.015829657605362528,-0.004343084283354633,-1394.8303868341268,0
unknown,sms | email | phone | social_media | website | app | unknown | none,sent_money,payment,verizon,unknown,-0.004500673452048521,0.0573316259360866,0.7180830144112595,0.019706111713085235,-0.008050386551439252,2404.679578847522,0
upi | card | bank | crypto | gift_card | unknown | none,unknown,none,payment,bank_|_government_|_company_|_individual_|_none_|_unknown,unknown,-0.024695572131736645,-0.0752301182242569,1.1633287174796705,-0.03276628625249932,0.0057835972902690325,3075.4494050815106,0
unknown,none,none,transaction,dropbox,unknown,-0.016836542653872865,0.8313308981234191,0.0980758092053874,0.9441247698866894,0.00900750922710845,1792.452682540357,0
crypto,discord,sent_money,transaction,unknown,unknown,0.02473667307893807,0.9715544553864459,0.01725085296155314,0.7999214556417117,-0.010407473989772249,1134.0746850497183,0
bank,phone,sent_credentials,none,unknown,unknown,-0.0075674963835656054,-0.03222665070539544,-0.10609747317573448,-0.06925107862055169,-0.005021716923258835,-2123.047638461205,0
crypto,email,none,none,unknown,unknown,0.03646828625624447,-0.18110300323237022,0.07716419919694223,0.9398055832508583,-0.00523207558061228,1687.9173031307623,0
unknown,website,none | unknown,none,google,unknown,0.03094895190232022,1.1648909437824932,0.10333375090739438,0.7675389183304205,-0.012872693910971034,-1500.257963954478,1
gift_card,sms,none,unknown,doctor,USD,-0.005538588644235613,0.843174947828549,0.1107964702948014,0.09522258466968128,-0.003964337625133723,1744.13041182999,0
crypto,website,none,none,dropbox,unknown,-0.002857848662029341,0.9319120846576232,0.025217914761584574,1.002422709131072,0.005330060364179298,2105.89454678821,1
upi,website,unknown,transaction,individual,unknown,0.01884476148266952,-0.010119434506778307,0.9969997490451072,0.7437145871812878,-0.000379602121717109,95.73906380887493,0
upi | card | bank | crypto | gift_card | unknown | none,email,sent_money,none,unknown,unknown,-0.012310752248138475,0.016997423668931696,1.2716925160771235,0.0007380317042763606,0.004373557398739349,840.8993315564078,1
crypto,social_media,sent_money,verification,company,unknown,0.0004155315446772279,-0.009200155923693236,1.1654537401470892,-0.015838224253665004,-0.01211626459669262,1619.7508389221032,0
unknown,none,sent_money | shared_credentials | clicked_link | installed_app | none | unknown,payment,none,unknown,0.015896790605497046,0.004128638421206913,-0.028618695143117146,0.8810806987969292,-0.006925468958973676,1016.0025350713734,0
unknown,website,unknown,none,company,unknown,-0.014353101854101588,0.10290214744856209,0.1315543214949779,-0.10376532179278612,4.570040056165573e-05,1547.7688497794672,0
upi,phone,clicked_link,payment,bank_|_government_|_company_|_individual_|_none_|_unknown,USD,-0.008454127367879195,0.07368230835703264,1.1088311977800047,-0.05951795091078348,-0.004159218653372175,99.40867199154579,0
unknown,email,clicked_link,login,none,INR,0.007604821269859184,1.0132517418041798,1.2517565558880124,0.03385625621974448,-0.00011438984240439435,1612.4785810062078,0
upi | card | bank | crypto | gift_card | unknown | none,website,none,credits,individual,unknown,0.01433409428304178,0.043474748824060924,0.082395243838854,-0.012517161757799917,-0.006565076599112298,-2124.718554295576,0
unknown,phone,unknown,payment,none,unknown,-0.0025445380040444924,0.9385814800807105,0.9813258643396617,-0.039005547544156624,-0.003744868906077449,447.4195907091984,1
unknown,sms,shared_credentials,unknown,unknown,unknown,-0.025898908057107584,-0.027316804929201122,-0.06852406591962437,1.2176146977709374,0.002876998416670569,855.8005067512047,1
upi | card | bank | crypto | gift_card | unknown | none,website,installed_app,commerce,bank_|_government_|_company_|_individual_|_none_|_unknown,unknown,-0.019395010383279163,0.9450833083323812,0.031332825729950206,-0.10704226674636894,-0.011150672713851912,2836.7832216347033,0
unknown,phone,clicked_link,none,unknown,unknown,0.006601423155356416,-0.025719979462781487,0.9443228695060938,0.11960088100650486,-0.001226991058379918,-778.3342411161474,0
unknown,youtube,clicked_link,none,none,USD,-0.0007500469912855242,1.0749420863573176,1.2012742070240066,-0.07128190080369448,-0.004526025567983649,-113.99701432667474,0
unknown,social_media,none,mining,company,USD,0.01807228207112351,1.120732315622814,0.08691232735446501,0.8469238275793143,-0.00396424626086552,-490.07599173815214,0
card,sms,none,none,company,unknown,0.01736689442539646,0.07144416445274954,0.053490201879654434,-0.029013503684816,-0.002068915139230497,993.5641439269205,0
bank,social_media,sent_money,none,none,unknown,0.006454597973541566,1.1469458985016343,-0.02496656072704654,-0.009630559268258914,0.0016487928664004412,-647.7250524671693,0
upi | card | bank | crypto | gift_card | unknown | none,email,sent_money,unknown,bank_|_government_|_company_|_individual_|_none_|_unknown,TON,-0.005143090825955538,0.002181593435801132,0.8150567713082748,0.05324384055589434,-0.0031357294948124717,3617.8288400155807,0
upi,social_media,sent_money,none,company,unknown,0.033265728978654006,0.060703866898339565,0.04738167606559644,0.8642680037002328,-0.006011646680904022,-1989.2120364479483,0
upi,phone,clicked_link,none,none,unknown,0.01924906547446284,1.0195660596767295,0.9473484579972089,0.8542144134362127,0.007869546905469725,-233.1324538192839,0
upi,social_media,installed_app,none,none,unknown,0.005235613581499122,1.0498741962091964,1.1556397293331675,0.8840511169707156,0.0008401925319126078,189.91203953193963,0
unknown,sms | email | phone | social_media | website | app | unknown | none,none,payment,individual,unknown,0.004382224132367007,-0.09394150525199921,0.8928385358323202,0.7492178013887627,-0.010658291355493312,573.5559323167855,0
unknown,email,none,unknown,none,INR,0.015074585262980108,0.9329819762888372,-0.0029839607380672856,-0.08835137796821395,-0.01134272458226529,-5.444495498785344,0
crypto,unknown,unknown,payment,linkedin,unknown,0.0072468135293437905,0.8462582774391627,0.8960242550074847,-0.0053998475706334426,0.004466451887913598,1221.03164989314,1
crypto,phone,sent_money,payment,security_company,unknown,0.0174139276848797,0.9382459034708512,0.038281043334004984,0.12579209106241548,0.010845473246820817,392.32825616339426,0
bank,unknown,none,none,unknown,unknown,0.00797330641004121,0.04460604441568576,1.0647426539573106,1.0426295508350076,-0.002627735027181172,18.871212172740044,0
unknown,social_media,shared_credentials,commerce,boost_mobile,unknown,0.017011642564619633,0.12272133501151344,-0.03596501585033385,1.101824131778116,-0.009680707259849144,960.0150284443063,1
card,email,sent_money | shared_credentials | clicked_link | installed_app | none | unknown,credits,security_company,USD,-0.02107295051707729,0.9896375508506912,1.1857562536200126,0.8394455346759955,-0.010179693993758,3043.599898449606,0
upi,email,none,unknown,bank_|_government_|_company_|_individual_|_none_|_unknown,unknown,-0.002822644194616647,1.0053508419234947,-0.04810487042630289,-0.049446224685671364,0.0028419197584962333,-1612.7710358888787,0
crypto,sms,none,payment,bank,unknown,0.010303706128605646,0.03966928800218701,1.1445441050478844,-0.06007542659378014,-0.0040962890337606,1611.6172735247533,0
gift_card,email,sent_money,none,none,unknown,0.005757105038350006,0.037131045640897274,0.870090579007096,-0.1521724955081603,-0.006081024529524547,-2059.863548517641,0
gift_card,sms,sent_money | shared_credentials | clicked_link | installed_app | none | unknown,debt_collection,ice_agent,unknown,-0.013110353055974057,0.07456672300196121,-0.0443576583797536,0.9337186351893942,0.00915350201855418,890.6225840262628,0
upi | card | bank | crypto | gift_card | unknown | none,website,none,verification,company,unknown,0.03185823545958583,0.014769473893568502,1.3613031915513094,-0.008791814751899609,0.0017089974814526933,-905.9028101440329,0
gift_card,email,unknown,unknown,unknown,unknown,0.022948471208131805,0.023615295357522388,1.1204599652896814,0.8357897879650443,0.006081267818968803,-570.3864519927288,0
upi,sms,none,payment,bank,unknown,-0.011202674949345699,-0.10345102065871886,0.04093678246888239,0.9899757384304823,-0.006549348892943198,1444.8796998703658,0
upi,email,clicked_link,payment,amazon,INR,0.024145096945588834,1.037902669537766,-0.02138276570536569,0.00671817129903763,-0.005986713111070864,-926.4157964938835,0
unknown,sms,clicked_link,none,company,unknown,0.011283246920894528,-0.020316533947034823,1.2744570640191417,0.10258917230351387,-0.005544913099915155,1179.323636440192,1
unknown,phone,clicked_link,none,google,unknown,0.0301194093460406,-0.01877502019052092,0.052455939950578984,-0.0332736742054699,-0.003532395557476271,-1011.9891634097885,0
unknown,email,shared_credentials,unknown,individual,unknown,-0.030143703655204395,0.9738020759240569,-0.085013071233508,0.04078506165925277,0.010580186913505714,-317.443134144542,0
card,sms,sent_money,credential,company,INR,0.008398315528576804,1.0029088683337208,-0.005291037180557099,1.098234838958392,-0.013653034559441805,1436.7828408542782,0
upi | card | bank | crypto | gift_card | unknown | none,sms,clicked_link,verification,cyber_police,unknown,-0.013065539670261883,-0.07055632013820295,0.08516279936671269,0.05737940604284914,-0.0055677891464284,1336.427723730501,0
unknown,website,none,none | unknown,none,unknown,-0.01652701437762095,1.050365992806091,0.10484748963389051,0.7881747064327232,-0.0060781045275128025,2793.303737542377,1
unknown,social_media,clicked_link,none,company,unknown,0.023228820027445345,-0.10603923745351562,1.2644538264278062,0.7001228502399954,-0.005546446453376356,272.52444387464584,0
bank,phone,sent_money,none | unknown,law_enforcement,unknown,0.002656796271761779,1.2256255492925734,0.020921903531402025,0.8975027119174182,0.008318375700298614,703.0095485070576,0
unknown,unknown,none,payment | verification | login | download | none | unknown,bank_|_government_|_company_|_individual_|_none_|_unknown,unknown,-0.004922101191088991,-0.19398573252438384,0.08054486689963701,-0.04770303015694826,0.009995863864769831,1913.4292895600058,0
unknown,sms,shared_credentials,payment,company,unknown,0.020999803814969794,0.8501593674526431,1.2526992679276532,0.7741875883325645,0.0010963068063428866,-456.74918250825436,0
unknown,email,sent_money | shared_credentials | clicked_link | installed_app | none | unknown,unknown,none,INR,0.03231582274270987,1.0019793097642182,-0.004438955508365542,1.0197455749483149,-0.004497959508954985,2788.622381453198,1
unknown,sms,shared_credentials,none,microsoft,unknown,-0.009948991755897637,-0.10999314839102226,1.0700787271684058,0.12308722548952088,-0.00534355042944967,1753.6129367387357,0
upi,email,sent_money,none,unknown,unknown,0.004832851871027387,0.766751483246885,1.0379562625826868,0.8619446585805683,0.004419086562951424,-760.6283881981265,0
unknown,social_media,clicked_link,payment,company,unknown,-0.011933574709294795,1.1748248855620977,0.026494831870783497,0.03283162936473094,-0.0037538325239103876,-2261.2019271769414,0
unknown,email,none,commerce,unknown,unknown,0.007612648979648734,1.014793686278341,0.9504109491040599,-0.04410502115449817,0.003061431027197413,-1219.562844714319,0
unknown,email,none,unknown,none,unknown,0.005998210383019326,0.005107829721597423,-0.03744023760903001,1.005973146715488,-0.0017820737561999721,-2397.731829273992,0
unknown,sms,installed_app,transaction,company,unknown,-0.022434984662109244,0.981554701448344,-0.004731806049860891,0.038744240874237584,0.0005391226650939894,1504.7973096250337,0
unknown,website,sent_money,credential,company,INR,-0.00855943737051303,-0.049784989376358495,0.03214451083807796,0.795288339236893,-0.01222187646991909,1814.0103144062427,0
crypto,website,none,transaction,company,unknown,-0.002964781852545894,0.8783604983460407,-0.05925099753513063,-0.039348581215304636,-0.007676370473985087,-937.2583962266609,0
unknown,email,sent_money,payment | verification | login | download | none | unknown,unknown,unknown,0.019464160623893143,-0.05455448927884676,1.1715127375053245,-0.10393314452245798,-0.003090524021150599,-1758.3579790668016,0
unknown,email,none,none,government,unknown,0.00961243920612622,0.07490008369669247,0.05151000992425486,0.7794881385432704,-0.001985936544604621,2023.018646527722,0
upi,sms | email | phone | social_media | website | app | unknown | none,none,verification,bank,unknown,0.017278257495180967,0.03146085360799295,-0.007815121945557233,1.1516162805278731,0.0033588392099270603,-396.5029601678124,0
unknown,sms,none,payment,company,unknown,0.012541175812554508,-0.023710091239106435,-0.061558049295511355,-0.028952662373506174,-0.0005439645150372953,-1266.96512943234,0
upi,sms | email | phone | social_media | website | app | unknown | none,none,credits,unknown,unknown,0.0023623332080463313,0.8564544488775402,1.1363781778673365,0.78329213597284,-0.0029136639422131234,1302.7860668078024,0
upi,phone,sent_money,payment,boost_mobile,USD,-0.01652861607469837,-0.11399371133335333,0.9550147123314461,-0.0694555303882336,0.007034944234991341,1081.3177277172128,0
upi,phone,sent_money,payment | verification | login | download | none | unknown,unknown,unknown,-0.007921534013842938,0.932377557694572,-0.03372468734276518,-0.04341328450186214,0.009127585891276697,-1189.25229189119,0
unknown,unknown,none,none,boost_mobile,unknown,1.074108636412834,-0.09815395151220395,0.013807802837840315,-0.09754026860075242,-0.0021612767136803606,742.9990829273795,0
unknown,unknown,unknown,payment,individual,unknown,-0.0007617646948551409,-0.10916902047381903,0.06951053042854631,0.7478854212411324,-0.004453725106943719,-604.2382012490262,0
upi,phone,none,none,bank,unknown,0.018576221228786244,1.0686102967692674,0.07972226156794043,0.8353997492985292,0.005322025007311293,-906.4915339702671,0
unknown,sms,unknown,none,unknown,unknown,-0.003362395883065586,0.857815148422115,-0.05253672983863737,0.12082914057404555,-1.8439393845545265e-05,2027.9672871114456,0
unknown,sms,sent_money,unknown,bank,unknown,-0.0016489214928057752,0.8942967147636623,-0.007290017050081206,-0.07994217212498167,-0.001986914794876301,1245.5023984043596,0
upi,email,sent_money,none,unknown,unknown,-0.02021959867685445,1.0877686886279405,1.379771747192707,0.7779879403405437,0.0023318346153677004,2361.135470844522,0
unknown,email,none,payment,company,unknown,-0.006962685074563643,1.014951926818652,0.7587195029583585,0.0009575885449300699,-0.0041251525723302864,217.56387581208924,1
unknown,phone,none,unknown,company,unknown,0.019539130666102363,0.08014681615112126,0.040473711762059224,0.9103251928722453,-0.009157678671364782,-1871.5468878590243,1
upi | card | bank | crypto | gift_card | unknown | none,sms,none,commerce,company,USD,0.018625138094145843,0.9603420930728963,0.02219080002828241,0.8639090905010027,0.0049966486558403415,-2439.7138481081947,0
upi | card | bank | crypto | gift_card | unknown | none,email,none,payment,none,unknown,-0.005558921474380175,0.8312653385407502,0.7629563596342831,1.198121942330129,0.004879560386364606,1543.704522789398,0
unknown,social_media,installed_app,none,bank,unknown,0.008931408859877556,0.03136816888801026,1.264911190277981,0.03841612292179249,-0.0007015379885184265,3573.8259022468,1
unknown,website,none,payment,none,unknown,-0.0070366241902009375,-0.08036141784497648,1.1185499648649038,0.7600348179866074,0.006542595767769293,1422.4267683460114,0
venmo,email,clicked_link,payment,none,INR,-0.0059529212571142855,0.9314755194075562,1.263281947585912,0.9856328260641146,-0.00869172403602253,2107.4901111427353,0
upi,sms,none,none,none,unknown,0.005115878823930909,-0.08622864059401145,0.7795038873587863,-0.04610152102639334,0.007557492508465725,-356.7903068927706,0
unknown,sms | email | phone | social_media | website | app | unknown | none,sent_money,transaction,none,unknown,0.01417181089139059,1.1119827129072637,0.11519124215539268,1.0444867055033167,-0.004047699427604515,-523.3769514037805,0
unknown,phone,none,payment,company,unknown,-0.010190769004273861,0.8842517552886442,0.70978809605094,0.0711209116748238,-0.0038175014109721028,-2080.5123097038168,0
unknown,email,clicked_link,none,unknown,unknown,0.0073323077453252995,0.058712000176454227,0.0782963396393103,0.9363339678566205,-1.3800260961622032e-05,-1030.729451265958,1
unknown,social_media,sent_money,none,unknown,unknown,0.009378420138463574,-0.02575014007705269,1.0564248563215757,1.1412431797832838,-0.004449469098290092,479.23526672386555,0
upi,none,sent_money,unknown,none,unknown,-0.0033677578389881275,0.8785673839232537,1.092362857423515,0.9985517116671511,-0.0030033828704654287,-2265.3838696844364,0
card,website,sent_money | shared_credentials | clicked_link | installed_app | none | unknown,replacement,unknown,unknown,0.03001186177132545,1.2285947219790796,0.05719022602616751,1.1845321537396662,-0.00804646310872188,-1504.138759038235,0
bank,website,sent_money,none,mechanic_shop,unknown,-0.0014506767149375475,-0.0670918515917933,0.897239627331163,-0.010697282493735711,-0.011851313439721437,3124.1998738239995,0
unknown,website,none,debt_collection,none,unknown,0.016462244032920684,-0.1755255321453065,-0.060212586749968544,-0.054205286158540554,0.0006737104549400337,-1839.0959911143932,1
unknown,sms,none,commerce,unknown,unknown,0.016543041875861468,-0.11046750702490193,1.171530193083298,0.02039248271868694,-0.0011008746940019691,1627.3305774049823,0
unknown,phone,none,payment,company,unknown,0.03194005727619095,0.07270934391504565,1.1784476308297345,1.0070922536173383,3.966095731395911e-05,475.7570462916483,1
unknown,sms,none,none,bank,unknown,-0.012382527745347987,0.08854134105235721,0.8182194588180575,0.10329189933909405,0.0077069675837337925,1324.1016175043055,0
unknown,social_media,utilize,none,unknown,unknown,-0.004702978411912322,-0.10902412394234318,0.9666330220796762,0.842454336994763,-0.0028223116818861284,1404.5828141308814,0
unknown,email,none,none,none,USD,0.016219320818955923,0.12607808510690782,1.2205005702612242,0.8164629957030525,0.004470684402898259,1011.6541213699838,0
unknown,sms,none,none,unknown,unknown,-0.00581024064030994,0.06634602701738511,1.2429662038931755,1.2102290521851555,0.009192287455609864,1441.3547240387763,0
crypto,email,unknown,payment,ice_agent,unknown,0.014168177681129742,-0.023013799199344393,-0.1131765166893093,0.8759338888808839,-0.0006729148032343032,1291.9973634165267,0
unknown,email,clicked_link,unknown,unknown,USD,-0.0013602748523367295,1.0483481061407247,0.034850949171293194,-0.012326540600035926,-0.007356357466098373,1136.0011238268912,0
unknown,website,sent_money,payment,bank,unknown,0.018981776743947076,1.1325245420387866,0.9432702046422611,-0.11055164506618655,-0.013019668215698022,-1236.980022623362,0
unknown,sms,none,none,company,unknown,-0.023405979698878525,1.1976185649516613,0.10048958211292544,0.09073158267637761,0.003135451746887209,2916.581085029819,1
unknown,email,sent_money,none | unknown,law_enforcement,CROWNS,0.011558353247879698,-0.08954423121465688,-0.009465846377493708,-0.042599514202968695,0.0005063819206526614,906.2463191662986,1
crypto,website,none,none,unknown,unknown,0.021767455380313237,0.8609636126921767,-0.09278149678527227,-0.10177631042516316,-0.005710791976937021,411.94465037656266,1
upi,phone,unknown,verification,none,unknown,-0.007737244037563759,1.1692546451051076,0.8936495967945934,-0.11202885282634804,-0.002346561230747999,-2733.8071842526206,0
upi,website,sent_money,none,mechanic_shop,unknown,0.020805533255875936,0.06499109022943358,-0.01165530076569057,0.03355014132040277,0.0069685761864061654,-734.6419504859737,1
unknown,email,shared_credentials,activation,marketplace,unknown,-0.003908901373121546,0.9849335055398349,1.0881257375285576,1.001207433461233,0.006673294180717967,-459.85804497901796,1
unknown,phone,sent_money,none,unknown,USD,0.0021323632609353536,0.9069991960942405,1.1967304369556795,1.1707474423123996,-0.0056520123834279574,-708.8990802931488,0
venmo,sms,none,none,none,USD,-0.008044176983034352,-0.03263950128262595,0.017856174174998723,1.023751383989311,0.001485105426611599,3009.451331571586,0
unknown,email,none,unknown,unknown,unknown,0.023110605428310907,0.04221133925367984,0.060305116778198914,-0.0449468315558841,-0.012745782155378192,686.9483741156739,0
upi,sms,sent_money,none,company,unknown,0.017457019277837774,0.08723525052119495,0.00014003798050152044,-0.057311187879870155,-2.5477081456114816e-05,-2293.364213536505,0
card,website,sent_money,payment,company,unknown,-0.005852774736495214,1.0385428033623514,1.0601456374493476,1.0679982755627364,-0.010709069005352456,1814.4970617014344,1
upi | card | bank | crypto | gift_card | unknown | none,phone,changed_password,trade,individual,unknown,0.0012248759241392517,0.07966701328831,0.11189553241845036,-0.015184832754601406,0.007022477450074761,1272.953213932371,0
unknown,sms,clicked_link,none,bank,unknown,0.010337698893848883,0.181771884661383,0.10699781214783055,0.9381239395493842,-0.013654628996442318,-2203.5522289434443,0
upi,sms | email | phone | social_media | website | app | unknown | none,unknown,verification,company,unknown,0.01641794642653573,-0.1054930274180331,0.11336519533692575,-0.15359597993633323,0.004879590145011963,-1402.8481461835502,1
upi | card | bank | crypto | gift_card | unknown | none,image,none,verification,bank,unknown,-0.006506254502430801,1.1173234427934982,1.217460833747089,-0.058088967112285665,-0.0011249477429490459,-446.9432149265884,1
unknown,email,sent_money,unknown,unknown,unknown,-0.00011037929480745844,1.024131445603051,-0.11207481036058234,0.008196787680840738,-0.010408579758458263,153.94508505539216,0
upi,phone,installed_app,commerce,none,unknown,0.005148598258960075,0.9871647806252788,0.015362583619209657,-0.091813958708134,-0.0003761520111692175,75.14994443375943,0
unknown,app,sent_money,payment,unknown,unknown,0.018095487084188268,0.9149178571151707,0.07598464334988025,-0.09936701789886992,-0.0004224398903685206,3161.0892700014983,1
unknown,unknown,shared_credentials,payment,unknown,unknown,-0.0242124537719153,0.11961495044533807,0.03610976034377304,-0.11651053319193787,-0.004348612604703167,13.100712966033385,0
upi,phone,unknown,payment,company,unknown,-0.0011289329701403008,1.0790576065031594,0.01818832346327103,-0.08464123084300902,0.0024156495846087765,-2656.373263509937,0
unknown,unknown,sent_money,unknown,unknown,INR,0.0027845448874183982,1.0716362357293385,-0.1158477647737756,-0.024494937978242523,-0.005797012175798712,-1653.9147533538269,0
unknown,email,sent_money,payment,unknown,unknown,0.010985676381544964,-0.013979313467396177,0.11704994662358903,-0.13108321822369773,0.004534757381066194,2541.7740354282146,0
unknown,phone,sent_money | shared_credentials | clicked_link | installed_app | none | unknown,verification,mechanic_shop,unknown,-0.006951073086793632,0.04222219666080767,0.018692849382010848,0.8569034479505341,-0.0035665107141822226,1077.6273146742994,0
unknown,phone,clicked_link,payment | verification | login | download | none | unknown,cloud_storage_provider,unknown,0.020338665737357025,1.0393079383250825,0.04933103040852806,-0.06370664354672306,-0.0004601109770229995,1012.273347682056,0
unknown,phone,clicked_link,download,marketplace,INR,0.018438449996828105,0.06329634109396115,1.024554403179442,0.028087168803651433,-0.0030314763387745535,-916.7421786812765,0
upi | card | bank | crypto | gift_card | unknown | none,phone,shared_credentials,commerce,none,USD,0.027992638800195997,1.0978606758300504,0.01964978119017731,0.848107538857026,-0.009384406151009342,-660.988270022039,0
unknown,website,clicked_link,payment,unknown,unknown,-0.0109269807856273,1.0954336704859327,0.06620494784796865,-0.013046693451919188,0.00572460573165774,-339.83958437096794,0
unknown,email,none,none,unknown,unknown,0.015718425770655794,-0.05877078583023507,0.021840704700432517,0.057750020142678285,-0.002806393938039167,152.38541120525696,1
upi,phone,received,none,bank,unknown,0.03410307143309279,1.0685541635445828,0.009035537971743475,-0.08208516028989819,0.004113076825931685,-3087.557178800415,0
unknown,unknown,sent_money,payment,unknown,unknown,-0.009643030321243142,0.9673252899587422,0.8456143952797859,0.7107621203698241,-0.010038936635921024,766.3746500244176,1
upi,email,sent_money | shared_credentials | clicked_link | installed_app | none | unknown,payment,cowboy1113,unknown,0.005776396828602498,0.8320018952488932,0.8761441665215225,0.9523058786289785,0.003522157015990833,-1447.6062789724597,0
unknown,email,sent_money | shared_credentials | clicked_link | installed_app | none | unknown,unknown,none,unknown,0.000567826827781367,0.11696872397674173,0.03472248415916421,0.845447002962079,-0.0006960028801099682,-1580.0156312771549,0
unknown,phone,sent_money | shared_credentials | clicked_link | installed_app | none | unknown,none,none,unknown,-0.018617049552216436,1.0006030343988204,-0.057026409774349265,0.02233672603593702,-0.011230750623482751,-1762.5436697611156,0
unknown,email,none,none,bank,USD,0.012278613795039897,0.004265754910621372,0.04247741396293304,-0.06336148701833717,-0.009493536853765427,2300.9610456688383,0
bank,email,installed_app,verification,bank,unknown,0.022562192945325757,0.9052641738795729,-0.017104684417733062,0.7358705619959991,0.002069248618259507,648.961470063209,1
card,social_media,clicked_link,verification,unknown,unknown,0.02174922359242808,1.0651879001080504,0.038113956186828626,0.012745458539680428,0.00908955120746487,-659.8113393608558,0
upi | card | bank | crypto | gift_card | unknown | none,phone,clicked_link,none,none,unknown,0.02453096561892915,-0.09533737380930712,-0.02679115237421243,0.7540946678360398,0.00037096023607869705,831.268624020488,1
unknown,email,sent_money | shared_credentials | clicked_link | installed_app | none | unknown,transaction,bank,unknown,0.012012665079442889,0.09676999982551006,0.04792304700752928,0.9298576297992479,-0.008023707663042662,-504.6787337134593,0
unknown,sms,clicked_link,none,bank,unknown,0.004723918455411591,1.0018655289838803,0.7787694646959972,1.069529636759147,-0.0038251175363694418,1175.0543224054668,0
upi | card | bank | crypto | gift_card | unknown | none,email,sent_money | shared_credentials | clicked_link | installed_app | none | unknown,payment,bank,unknown,0.002588466888390495,0.9274978955188319,-0.03913175620161364,-0.12606202009867476,0.004286117878458307,988.8559689148123,0
upi,website,sent_money,payment,unknown,unknown,-0.005913103219469524,-0.034442127572872114,0.9406020017931137,0.8426847812484165,-0.0014519562518112393,2241.556679012738,0
unknown,email,sent_money | shared_credentials | clicked_link | installed_app | none | unknown,unknown,none,TON,0.018402705730952856,0.9588749589333629,1.1407306708205194,0.02995205152679796,0.0059285051962900525,1951.1743063148203,0
crypto,sms,changed_password,transaction,individual,unknown,0.01516933063856109,-0.006165348477625102,0.0780415344227043,-0.15366659697736448,-0.005240711853324288,-2014.533494119272,0
unknown,phone,none,payment,bank_|_government_|_company_|_individual_|_none_|_unknown,unknown,0.008587837251781699,-0.13776088259344096,0.05080701623947078,-0.013493591117217705,0.0074397046497363265,3147.6710196849235,0
unknown,sms | email | phone | social_media | website | app | unknown | none,clicked_link,none,none,unknown,0.022709298771774536,-0.06127768419922854,0.08320642242717785,-0.07485763930646001,-0.004617207107649489,2452.962428972378,0
upi,sms | email | phone | social_media | website | app | unknown | none,clicked_link,none,company,USD,-0.019517358802021455,0.932001197127399,-0.02750747010536351,0.9543468456396117,-0.0026527270701459807,331.7689632876952,0
upi | card | bank | crypto | gift_card | unknown | none,email,unknown,credential,company,unknown,-0.009718755702050434,0.08461022825476182,0.8053598652567425,0.9781488499217318,-0.001121512968546174,-123.7411852937593,0
unknown,unknown,sent_money | shared_credentials | clicked_link | installed_app | none | unknown,trade,unknown,unknown,0.009834319761288986,-0.06792418380329268,0.9928581209457938,0.006870832105927325,0.00026439651032803983,815.6136755315971,0
gift_card,email,unknown,payment,unknown,unknown,-0.007883868217140797,0.13077524714627273,1.049359801185379,1.0643476270810979,-0.008179565707128106,1143.6424488966422,1
unknown,social_media,shared_credentials,none,unknown,unknown,-0.0199806133369198,1.0398088794431313,-0.07160837661163048,0.0695592688002716,-0.0020427459329300946,2282.257076450467,0
upi | card | bank | crypto | gift_card | unknown | none,unknown,shared_credentials,verification,company,unknown,-0.009430815571805652,0.036116007452509306,-0.024005941626409313,1.1604363887876443,0.0032097536074823007,-1309.6423722975671,0
upi,social_media,installed_app,none,bank,unknown,-0.017220546683812083,-0.05156161240078882,0.04661406676548941,-0.12563615599262296,-0.0037277477642978806,1970.1496959580195,0
unknown,email,shared_credentials,payment | verification | login | download | none | unknown,none,unknown,-0.0020421265898056384,-0.08044040401554671,0.0984001535815119,-0.027269570892092844,0.006511226498883968,3244.664271727651,0
crypto,email,clicked_link,payment,bank_|_government_|_company_|_individual_|_none_|_unknown,unknown,0.012452004140536531,0.09510283064319297,1.2706770447553262,-0.09188076463538386,-0.00039876313393477105,381.258600320466,0
unknown,email,shared_credentials,payment,unknown,unknown,0.021556476352180543,1.072215831002785,1.1126918728969648,0.06752413961281153,0.008404425700580684,-1063.6122942295297,0
bank,unknown,none,payment,bank,unknown,-0.021255139451097062,1.0114018309736337,-0.013315782142663189,1.0584226965656702,-0.006527429299797647,-1833.0823484827724,0
upi,social_media,unknown,none,company,unknown,0.006083250131676975,0.05283513444905183,0.010733518447799956,0.05405749106100664,-0.0010556944107740435,-2869.7637430141767,0
upi,website,none,payment,none,unknown,0.0046366392384251,-0.03217220151591613,0.12381324801262425,-0.04471199117041897,0.0048082336073829455,1565.2558215120375,1
upi,social_media,sent_money,payment,bank,unknown,0.02954634058855038,0.03999378543701634,1.073555081716831,0.023893008835258647,-0.01332455443325964,1907.4501560966846,0
unknown,telegram,none,none,unknown,USD,-0.01014287042383601,1.1138016878097377,0.0980120735609102,1.1272509902583832,-0.006081840020878443,-1691.8394245803133,0
unknown,sms | email | phone | social_media | website | app | unknown | none,none,none,company,unknown,0.007426537973661572,-0.007726991735850895,0.0007025221192762443,-0.08114145274109397,-0.009066262195009278,1142.6104050431886,0
crypto,social_media,none,unknown,none,unknown,0.023491268270108365,-0.030693993308620052,0.05245930530249642,-0.05136442399913098,-0.003856349497811697,1395.1419070206093,0
unknown,discord,clicked_link,none,individual,unknown,0.001248389946540523,1.1241780353657225,0.10608030732609479,0.7551627120310542,0.001197118596698584,-964.7994267339722,1
unknown,sms | email | phone | social_media | website | app | unknown | none,sent_money,none,bank_|_government_|_company_|_individual_|_none_|_unknown,unknown,-0.004759942951774552,-0.07796294864382965,0.05827319112215016,1.168181440776754,-0.015742140679588502,42.804007017548074,0
unknown,phone,none,none,company,unknown,0.035196076092379625,1.087160363341613,1.3293237414856824,-0.007554528165769625,-0.01066345056519831,685.9295781639082,0
unknown,email,clicked_link,none,company,unknown,0.007794561061529632,0.07275871458425417,1.342217955276645,-0.10115428539544512,0.00025579611440634836,1406.4439827582744,0
unknown,website,clicked_link,payment,none,unknown,0.014730776623943433,0.07772474149094405,0.9177430254139325,0.9797787916273631,-0.003096847211632493,-265.8017470700355,1
unknown,app,none,verification,none,unknown,0.0027978069265777532,-0.14532812620279464,-0.04421982489752282,1.0052480830829882,-0.0027984940613288685,126.2926590820577,0
crypto,sms,clicked_link,payment,unknown,INR,-0.0069155443610538995,1.0959440899933806,1.0684472055536571,0.8857344761647028,-0.010879746855821834,1450.2790276071255,0
unknown,sms,clicked_link,payment,none,unknown,-0.012455038986597798,0.20625178760056032,0.952590032112072,0.9157794833776116,0.0041267853817735164,1768.7610398962156,1
bank,telegram,sent_money,payment,none,USD,-0.0032244264932409254,1.215727838721486,0.02716040533191928,0.06598632177119683,-0.005552320392699461,1861.247937399868,0
unknown,website,sent_money,commerce,unknown,unknown,-0.007001954464590727,0.0013989726968937689,-0.08177604911316672,1.1824007829540486,-0.004788153308026617,339.89138106045397,0
upi | card | bank | crypto | gift_card | unknown | none,website,unknown,transaction,unknown,unknown,0.01999349938509135,-0.0769918886469442,0.08953371328603214,-0.1427798384398041,-0.005008957250602475,486.0246547792094,1
upi | card | bank | crypto | gift_card | unknown | none,website,clicked_link,phishing,none,unknown,0.00273510702805088,-0.02743551534053074,0.04740935866064179,0.007715686105124784,-0.0050402539501547714,-729.018442403088,0
unknown,phone,received_money,unknown,unknown,unknown,0.0029667821757500975,1.0102365516672194,0.0036137129676333053,1.0538013848937073,0.0009572348582134763,1866.3582670080964,0
crypto,phone,shared_credentials,payment,company,unknown,0.004036476580234446,0.1127461827774661,1.2645057775527275,0.9824746525956809,-0.0009008734816530795,-3038.1511651080555,0
upi,social_media,none,none,amazon,unknown,0.009294465675473613,1.0180656124238598,1.164026705086848,0.7497329423467973,-0.0072388671938425474,2180.392474021181,0
unknown,phone,clicked_link,payment | verification | login | download | none | unknown,none,unknown,-0.003711755154653693,1.0156199017861156,-0.021368211846084985,0.8749998782602855,-0.004850452775228363,297.68699134962384,0
unknown,unknown,sent_money,payment,bank_|_government_|_company_|_individual_|_none_|_unknown,unknown,-0.02482736639149113,0.929596578299506,0.034991914061972655,0.9273952761768796,-0.007483900940345641,-13.261270447019982,0
upi,social_media,none,none,unknown,unknown,0.03443903339986465,0.14533176287731497,0.08298057469020836,0.7436141665383008,-0.010039273900591074,1632.7348165589533,0
upi,phone,paid_upfront,commerce,bank_|_government_|_company_|_individual_|_none_|_unknown,INR,0.02014718771878725,-0.02938460794942885,0.6970379877536927,0.042482124438629316,0.0023139851698501775,-627.2507112159013,0
unknown,social_media,shared_credentials,payment,unknown,unknown,-0.0023198563752437756,-0.011716717109023946,1.1633412550178182,-0.07370221992965639,0.0019257097405373058,-2155.4901340974484,1
unknown,email,sent_money,payment,unknown,unknown,-0.018633626548093436,0.8578923196821905,-0.12370190377845748,-0.07327816108802736,-5.4418703845018726e-05,-1520.3928358029789,0
upi,phone,none,none,individual,unknown,0.029267319142505417,0.8156076809742514,0.05763565009812768,0.9784661919125462,-0.0001329989491819233,1341.6917289983105,0
crypto,unknown,abuse,transaction,none,USD,8.017663883552537e-05,0.9690516012473793,-0.015169984808788858,1.131727707355146,0.004490493742489103,648.2855685814762,0
unknown,sms,shared_credentials,none,google,unknown,0.02415908366734458,0.17772942392681795,0.12067496291371779,0.06627801684237151,0.003930007631327185,886.2388856696457,0
crypto,sms,sent_money,payment,company,unknown,0.02585083227563096,0.8534340252474397,-0.025895041575380376,1.1008386992694368,-0.015267521579131483,1640.510882482458,1
crypto,website,sent_money | shared_credentials | clicked_link | installed_app | none | unknown,payment,unknown,unknown,-0.01707630798362343,1.000714397344351,0.10419709245043852,-0.13000356980641628,0.005658834422264308,1735.0803501314704,1
crypto,sms,clicked_link,payment,none,unknown,-0.005766095365809618,0.9885408565369198,-0.06753925405953985,0.09776192866786265,-0.007834996594356292,570.3953707174832,1
bank,sms,clicked_link,verification,unknown,USD,0.006984477797367346,0.116467696211277,0.09162243784076908,-0.06636861180236191,0.0009424949955642166,-1444.9462295613225,0
crypto,email,sent_money,payment,company,unknown,-0.0035419098439079216,0.8597330090284481,-0.06912762289883773,-0.06754929930928047,-0.004101758881977485,242.43030037238424,0
card,sms,sent_money,payment,bank_|_government_|_company_|_individual_|_none_|_unknown,unknown,0.00033941144809573925,0.980379743214786,1.0817677995438915,-0.09704647306308843,-0.0053251261721647715,-141.5223896916254,1
upi,email,installed_app,payment,company,unknown,0.03386303936452349,0.020160321435966813,0.8911338323995988,0.9565411240717769,-0.005729288803554948,-794.5204627746841,1
unknown,phone,clicked_link,none,mechanic_shop,TON,0.002337600925619573,-0.09012167828990278,0.08646811807152606,-0.038035315423486434,-0.003512486500312703,3024.557041443664,0
unknown,website,clicked_link,commerce,none,unknown,-0.004544925864534093,1.0696099936859427,-0.03498562117662663,0.8879815890858153,0.0041073281861764,-732.1166419285905,0
upi,website,none,none,unknown,unknown,0.015244845535892936,0.9659743506403967,1.0008652893849164,1.2077573062412776,0.010072005279644984,-657.1666704404589,0
bank,sms,clicked_link,phishing,unknown,unknown,0.009912842107197922,0.12289825520138158,0.022885451160194626,0.06876188796217929,-0.003059045637224964,1856.6385723471794,0
upi | card | bank | crypto | gift_card | unknown | none,unknown,none,none,bank_|_government_|_company_|_individual_|_none_|_unknown,unknown,-0.002524774522219773,1.0596236475997152,1.1678852328906448,-0.10859411438988649,0.012926664610933536,-639.5297066112157,0
upi,unknown,sent_money | shared_credentials | clicked_link | installed_app | none | unknown,transaction,none,CROWNS,0.022184066018553793,0.9927413037401097,-0.06457342178369853,-0.09883172356669744,0.0010286400799454077,-1147.097727215489,0
crypto,sms,unknown,payment,wise_security,USD,0.019366037399384885,-0.17301046398283393,0.07640481440483751,-0.09776672899334152,-0.0038976706848711427,1800.5186513271426,0
bank,sms,clicked_link,none,bank,CROWNS,-0.0007439034653407943,0.07098918147772905,0.03270406712873303,-0.05132946093044934,-0.0015193409236607396,-1479.7737352448771,0
unknown,email,clicked_link,payment,none,unknown,0.014035871434543089,-0.015621286703016563,-0.04904691999582426,0.849921296925667,-0.004120126754456864,-2321.28277692997,0
unknown,website,shared_credentials,payment,none,unknown,0.03232791321693908,1.1162392555310632,1.204471168422604,0.8884997107120913,0.004820092689395597,-940.4305255059737,0
upi,website,sent_money,none,unknown,unknown,-0.003887256023647365,1.1404496896427638,1.263164108580957,0.9950295003006615,-0.0030266113220131672,-553.5428112909118,0
upi | card | bank | crypto | gift_card | unknown | none,website,none,verification,unknown,unknown,0.003252358317411796,0.08793634852477303,0.9907907228990638,1.1427165626936646,0.0035556250526371466,-305.8559054010307,0
crypto,sms | email | phone | social_media | website | app | unknown | none,shared_credentials,transaction,cowboy1113,USD,0.010983643604196515,0.0658219941071068,0.8069803108916581,-0.04691402373992821,-0.0014559749744083067,-816.6480129087981,0
upi,sms | email | phone | social_media | website | app | unknown | none,changed_password,payment,unknown,unknown,0.007326447076303279,0.010756193087549803,0.07282359490758328,-0.07577627931008517,-0.0024546331521560047,2136.2926003863904,0
unknown,sms,installed_app,payment,individual,unknown,0.021507105651579587,0.9309282486505646,-0.06761495301497865,0.8612878393846062,-0.01222727270463988,-503.913715858908,0
upi,phone,none,payment,unknown,INR,0.012870380817306801,1.1939920447141676,0.11242850285821175,-0.018731096415402666,0.00014576817374889603,-1552.3215713493692,1
upi,sms | email | phone | social_media | website | app | unknown | none,clicked_link,none,company,unknown,-0.005345063942502194,0.024301023247101587,0.03245309729725231,-0.10945103552310742,-0.004135673298334158,1748.5247085079577,0
upi | card | bank | crypto | gift_card | unknown | none,unknown,installed_app,payment,unknown,unknown,0.004903807557222927,0.9665641765907814,1.0647557525676075,0.8053535626845176,-0.01166437274951206,514.5725581267671,0
upi,none,clicked_link,none,none,unknown,0.03283168297648944,0.05631199913903005,0.032278543275509136,-0.06825544743237787,-0.008326893461052655,-290.3112376157038,1
unknown,phone,none,none,unknown,CROWNS,0.00048557001989469684,-0.059873128336185695,1.0350242242139218,-0.054686935163977296,-0.008697453880842643,-635.5848046080707,0
unknown,phone,none,none,unknown,unknown,0.025933688179220548,-0.08498906763813503,0.01552589011115479,0.8283889817141776,0.015809519477470835,-535.9780323698908,1
crypto,none,unknown,payment,unknown,unknown,0.00959862377873037,0.9163580780053902,1.0469867984816685,-0.0873454779456847,-0.008612788962866519,369.15366942855036,0
unknown,social_media,installed_app,payment,bank,unknown,-0.011076512544745029,0.0503619364781596,0.8993934032145219,1.2347597159329105,0.0014264023180470592,-2512.7220649523238,0
unknown,sms,none,verification,individual,USD,0.01661739753387209,1.0343765395792097,1.361036010379247,0.04963966356666647,-0.006504933328640125,3854.047845213009,1
upi | card | bank | crypto | gift_card | unknown | none,sms,unknown,payment,unknown,unknown,-0.0111127157025217,0.07842817174975518,1.079179282793557,-0.01541799324122869,-0.00817672401734625,1184.6486466796773,0
unknown,email,shared_credentials,payment,bank,unknown,0.007742115279523142,0.17163627602736714,1.0267229782065868,0.07625417548915257,-0.00619402751100781,392.2110283894328,0
unknown,sms | email | phone | social_media | website | app | unknown | none,none,payment,none,unknown,0.0020347837854053333,1.171241013740949,1.089313645024194,0.012721122293746686,-0.0008725716375522618,1989.9734683005388,0
unknown,none,sent_money,payment | verification | login | download | none | unknown,landlord,USD,-0.0016292817411321626,0.9331079096564981,1.2661857799572531,1.1280377044030736,0.004235613538281471,-585.0925922251133,0
upi,sms | email | phone | social_media | website | app | unknown | none,sent_money,none,cloud_storage_provider,unknown,0.007715912299118927,0.12926821005624387,1.166747780327532,-0.04787283644876365,-0.003182219289044502,846.9432828021344,0
unknown,website,received_money,none,unknown,unknown,-0.007118839162126553,0.9730829605797554,0.7640102886421556,-0.0625234097254798,-0.006113399849523161,2217.9641694475695,0
unknown,email,unknown,unknown,instagram,unknown,0.0005870418595141917,0.9227019215378729,-0.025899711859673963,0.7878923149214067,-0.006269022434837408,2291.9302418956995,0
upi | card | bank | crypto | gift_card | unknown | none,email,none,unknown,none,unknown,0.005528339208418379,0.07975463156330788,0.03728123977548724,0.05572608470900011,-0.004780743404834649,190.90695694871147,0
upi | card | bank | crypto | gift_card | unknown | none,sms,none,payment,mechanic_shop,unknown,-0.00586373820761115,0.07584924257491016,1.2062932398367479,-0.06588075023571718,-0.0017685245657459623,-571.154636418903,0
unknown,phone,unknown,replacement,bank,unknown,-0.00437519401259866,0.8539260256340425,1.1820727249122178,0.7829705025702857,0.004771024856555665,3686.4511612901297,0
upi | card | bank | crypto | gift_card | unknown | none,sms | email | phone | social_media | website | app | unknown | none,unknown,payment,unknown,unknown,0.013669357127623643,-0.07015464092553549,0.04593554914783956,-0.06066582606527716,-0.007715383016507446,-2381.988410651389,0
unknown,phone,sent_money,download,company,unknown,-0.009084990589565758,1.0469500350324576,0.006965867468655152,0.9060828603010022,-0.009417363069835255,654.0646910412634,0
upi | card | bank | crypto | gift_card | unknown | none,none,sent_money,none,none,USD,-0.014746163626392571,1.1584857898995518,-0.09832706447016172,0.0170115484053687,0.001092450451102453,-2957.9428106323426,0
unknown,website,none,payment,bank_|_government_|_company_|_individual_|_none_|_unknown,unknown,0.014731069910227539,1.147495072741218,1.2702927726745075,0.7687827790643736,-0.00015497275723162248,475.722084755974,0
upi,phone,sent_money,none,company,INR,0.013346428702184191,1.0711607986764522,1.203020817697498,1.0782739792198932,0.004291600256631974,-1405.845532408402,0
bank,email,sent_money,none | unknown,none,unknown,-1.5151541509335288e-05,0.9496048773035002,0.9051820053577658,0.9766586967318066,-0.005111683057116818,-1225.088576820356,0
unknown,sms,changed_password,commerce,cyber_police,unknown,0.010967142458220579,1.0817397652336351,0.007210996761930939,0.011589883848846605,-0.013229705792908929,661.1843719040588,0
bank,phone,sent_money,payment,bank,unknown,0.018983777917170083,-0.09727237973460087,1.2846102533374504,0.8685660522517538,-0.0014026329905814914,-504.2317947472423,0
crypto,sms,unknown,transaction,bank_|_government_|_company_|_individual_|_none_|_unknown,unknown,-0.0034730526716417512,0.05324220958950701,0.0048294085197927205,0.809741535209211,0.005369896229278541,384.7174982033919,0
unknown,sms,sent_money,none,none,unknown,0.0015381246380382337,-0.15211613435809965,0.6340961382584334,0.8851386748930667,-0.009411884346232316,-1594.6623821356307,1
unknown,sms | email | phone | social_media | website | app | unknown | none,clicked_link,unknown,unknown,unknown,-0.019432994749565762,0.8383043738065967,1.369878258084472,-0.0855240385765638,0.00453075249362974,674.9062899768882,0
unknown,unknown,unknown,none,none,unknown,-0.016635901967254858,-0.12190619771883272,1.1189258416439352,0.9078210080371272,-0.010337282216042427,13.283069524970372,1
bank,website,sent_money,verification,company,unknown,0.02327491906898051,1.0033146158103872,1.2628361376659198,0.7032133528897005,-0.00041793954755764434,2074.089759902491,0
unknown,unknown,none,download,linkedin,INR,-0.005827199414022282,0.012916985297470755,0.005769246894280322,-0.0760681359635693,-0.001899499159825374,-829.8422121270687,1
unknown,social_media,clicked_link,unknown,individual,unknown,0.014146160983181614,0.0477465019887866,1.1912210132309464,0.9660372462804581,-0.012944385102862438,3003.0613192842034,0
unknown,email,none,none,unknown,unknown,0.008616883339310705,0.02244814651681195,0.010117285595866967,1.0456848269181387,0.0007931011692346576,1127.073847558651,0
upi,sms | email | phone | social_media | website | app | unknown | none,shared_credentials,verification,bank,USD,0.0021463386052059416,1.1522943116934568,1.326220222843777,0.9247874112629995,-0.006418875497135067,1734.0400344174507,0
unknown,email,none,verification,unknown,unknown,-0.0051302380602206606,-0.03176606824776661,1.1672049502268405,0.8511550576974491,-0.00775985548769757,3691.090899580835,0
unknown,phone,installed_app,none,bank_|_government_|_company_|_individual_|_none_|_unknown,unknown,0.026620266313649353,0.8815081127696602,0.05024039228053503,-0.1422732054662449,-0.00566107989548588,2481.8953292677725,0
unknown,sms,clicked_link,unknown,unknown,unknown,0.004202718388597286,1.181253141393218,1.1833123064601094,0.0932490517729424,-0.008865538552339675,1350.9731442970408,1
upi | card | bank | crypto | gift_card | unknown | none,sms | email | phone | social_media | website | app | unknown | none,none | unknown,none,none,USD,0.01347452527926193,0.02428470436063364,0.9107760955624875,-0.09315161507097275,-0.009243045266920697,35.48632455094105,1
unknown,sms | email | phone | social_media | website | app | unknown | none,clicked_link,download,bank_|_government_|_company_|_individual_|_none_|_unknown,TON,0.015301870755676017,-0.06425211004032441,-0.03921159316629786,-0.025840146921096874,-0.014821718246783919,-1393.796792006817,0
unknown,phone,sent_money,payment | verification | login | download | none | unknown,bank,unknown,0.01974336158137062,0.025242138259822442,0.05298350608158519,0.9935398098246349,0.0005832790811763258,-276.37024448569184,1
unknown,email,clicked_link,payment,ice_agent,USD,0.001390177193728928,-0.1483604858158926,-0.04018029082855322,-0.1525645053344815,0.0008483212761147531,-2601.1467034310485,0
unknown,sms | email | phone | social_media | website | app | unknown | none,sent_money | shared_credentials | clicked_link | installed_app | none | unknown,none | unknown,bank,unknown,-0.005057883575433044,-0.07225234580390649,-0.07796796454679449,0.8331381940748219,-0.012984016312000909,-1607.0405752338288,0
unknown,email,shared_credentials,none | unknown,company,INR,0.0023169735450258885,-0.025103922523167132,0.047931499020189276,-0.13060291759477427,-0.0035851952291111144,309.42766956902904,0
card,sms,sent_money,payment,microsoft,unknown,0.0021467194349175213,1.1140972002301883,1.1107139619616901,0.04928352501304209,-0.003372197710651222,906.7913572289177,0
card,sms,abuse,payment,none,unknown,0.013900656344250724,0.9080697164383835,-0.029884352918031067,0.8138616014124953,-0.010674406968241122,1057.038912220693,1
unknown,email,shared_credentials,none,cyber_police,unknown,-0.0007285945059868547,0.8522959767987672,0.9322773154382142,0.9145075636192408,-0.00873863984878515,2207.27201417884,1
crypto,sms,clicked_link,none,unknown,unknown,0.001176376075214861,0.03997044218419559,0.03928415858768129,0.9339933016234877,-0.004793518739936985,-2278.913531623012,0
unknown,website,shared_credentials,none,unknown,unknown,-0.008416171445305494,0.14071019902828527,0.05763115151546253,0.9094203349025418,-0.011722520102285163,-676.4099261933992,0
bank,sms,clicked_link,none,company,unknown,-0.01254011476395845,0.07289279855966438,0.012916339787463116,-0.13386883037688466,-0.004774360958098806,719.2101812976746,0
upi,website,unknown,unknown,bank_|_government_|_company_|_individual_|_none_|_unknown,unknown,0.022378153273720086,0.06978660719806452,-0.009704716609845242,0.8427457884509145,-0.010292406175827615,-160.00274402308895,0
card,social_media,none,none,cyber_police,unknown,0.003834884925481879,0.05533372502129799,1.19298825196444,0.9087638909705669,0.0026141340195851254,-1814.8074820312725,0
unknown,phone,clicked_link,phishing,company,unknown,0.017503843950093096,0.003729511406481235,-0.04687297563035148,0.7443014786136838,-0.009090203809930527,428.71174405618694,1
card,sms,sent_money | shared_credentials | clicked_link | installed_app | none | unknown,debt_collection,unknown,unknown,0.007641566122345936,0.10230352377180661,-0.08726963413004574,0.7795384668048742,-0.0005158862849829026,-1134.9550236477846,1
upi,sms,none | unknown,none,unknown,unknown,0.016026366255645484,-0.10675479129944057,0.019902070977926664,0.0031049005166346156,0.0075535006730675855,-2844.2877049485223,0
upi,email,received_money,payment,unknown,unknown,0.022844374803914953,0.13767420992923296,1.2935024295371331,-0.10275703703824163,-0.009196989322442246,2115.7946714077266,0
unknown,sms | email | phone | social_media | website | app | unknown | none,none,payment,none,unknown,-0.027620834812696313,-0.10144476364603906,-0.009115164044701585,0.05145063908829988,0.00667259981227963,2701.444725954827,0
unknown,telegram,sent_money,transaction,bank,unknown,0.004241821224883288,1.051728591497307,0.06757302779051781,-0.10231932727736638,-0.010199192694836956,-610.666535515438,0
unknown,unknown,sent_money,payment | verification | login | download | none | unknown,doctor,unknown,0.003211408536034945,0.7859582556494352,0.9504187521630231,-0.07557713747139984,0.0009160535890047628,1715.6123970411188,0
unknown,sms | email | phone | social_media | website | app | unknown | none,sent_money,none,unknown,unknown,0.02322920686194076,1.1308487142303754,1.096063370685751,0.02232488177406451,0.008113670141779992,2567.7063183032233,1
unknown,email,installed_app,payment,unknown,unknown,-0.0008046277109759554,0.842639752695746,0.014880702998990811,0.05651301841501625,-0.010235222585563662,-144.41353420733049,0
upi,none,reported,payment,none,USD,0.004375114468307505,1.0094901870373836,0.030383914534102278,0.7841384313168767,-0.00336236482706653,2483.3302385803636,0
upi,sms | email | phone | social_media | website | app | unknown | none,none,unknown,none,CROWNS,0.0077249706735532005,0.9712774227901577,0.028058001349837342,1.0545106177468597,0.0062573413820774405,1357.8347818845175,0
unknown,discord,unknown,none,unknown,unknown,0.01486136613443606,-0.0648601317396462,0.05549736386834132,-0.07297775728755397,-0.005692224147230662,-732.3278974925818,1
upi,email,sent_money,payment,none,unknown,0.004326789548217438,-0.13758717787972252,0.03583106284556951,-0.06750286946843201,-0.007295246778546321,856.8982731218132,0
card,website,none,none,bank_|_government_|_company_|_individual_|_none_|_unknown,unknown,0.003657620230247272,-0.08356289356312428,-0.05520190397799759,0.9952341273971639,-0.008731264402974332,-336.7752800866136,0
unknown,unknown,sent_money,none,company,unknown,0.026926661988987424,-0.12571468771244423,-0.007911758841449196,-0.04900441964902225,-0.008751179725116291,1866.6666523098297,0
unknown,website,clicked_link,none,none,unknown,0.006611662259917214,-0.13681540840248496,-0.08474943196811872,0.07000692980268716,-0.0026874760338324896,-110.95221030736609,0
unknown,discord,clicked_link,transaction,none,unknown,-0.01444956143744656,-0.0933386172742555,0.015509660014726433,0.06307750589295996,-0.00022751552936286357,-1883.9081494926259,0
upi,phone,sent_money,unknown,crypto_project,unknown,-0.006672353144105387,0.10133948124111056,0.7474865753133164,-0.03017011821352914,-0.007313553045404855,261.02702621099286,1
unknown,sms,none,unknown,security_company,USD,0.0012098075511902417,1.086031593828583,1.0654256450064277,0.14364320314756204,-0.0074052660640708656,1789.4339704249828,0
unknown,phone,sent_money,none,bank,unknown,-0.02416820799629607,1.1613086155599839,-0.05638309099052975,0.9758930456186291,-0.012783689451296069,-134.54405747745028,0
upi,email,unknown,download,health_department,unknown,0.015258377158242313,1.0393003157228118,-0.0032089392355427898,1.0340598106661556,-0.009708488262361016,-695.1063990381322,0
unknown,email,clicked_link,none,none,unknown,-0.0304233925803787,1.0936884587858635,0.0450517493557667,0.8470904876769643,0.008611988611327141,1282.5232396161684,0
unknown,sms,shared_credentials,none,company,unknown,0.01207374826893276,-0.005700450830302873,0.8519733376528672,1.1053865449745248,0.0017615457708295974,-974.1395205435938,0
upi,phone,none,none,dropbox,unknown,0.015380144061076467,0.833226055689087,1.0244915596353288,0.10207474994827866,0.004402454089486355,1930.4914237038095,0
unknown,phone,clicked_link,transaction,none,unknown,-0.017036486785566126,-0.11664917022059412,0.025062415328057603,0.6876867946955776,-0.005476209780634731,-1847.0647655395262,0
unknown,website,unknown,payment,bank,unknown,-0.012919619630599701,0.12046937007991732,0.0024637152876236055,-0.05574250781715145,0.004576458121399829,1026.3516666222488,0
upi,sms | email | phone | social_media | website | app | unknown | none,none,payment,unknown,unknown,0.007068727442888938,-0.19100339909601852,0.8988726105042263,-0.1098672938394529,-0.0073127662685352505,240.45232402644916,0
unknown,unknown,reported,payment,unknown,USD,0.018083617838837156,-0.05782667097147111,-0.052254946003662615,-0.09274498483154868,0.0048266735271138205,761.886196308599,0
unknown,unknown,unknown,commerce,company,unknown,-0.004566056698846074,-0.035808839489685176,1.0788602336183728,0.8344610103516916,-0.006607034725641497,419.41116776794206,1
unknown,unknown,sent_money,none,none,unknown,0.0017895424088393785,1.0503509817429166,-0.04894953083217268,0.029566552353186663,0.005528931139489759,-1585.7447994539916,0
upi,phone,unknown,verification,company,unknown,0.01966961145840347,-0.0499399049451077,0.016134781645336764,1.1440952718609774,0.0029402029122090503,948.6481995481465,0
unknown,social_media,sent_money,none,company,unknown,0.00951005700967336,-0.1202692995534014,0.7962588732421423,0.9698162484480201,-0.010545234599612192,1072.1028750464761,1
